[
{
  "model": "sessions.session",
  "pk": "04sf6m22b26fneqe7ivhcm16rp05poot",
  "fields": {
    "session_data": ".eJxVjDEKwzAMAP-iuRg7yHaSsXvfYGRLqtOWBOJkKv17CWRo17vj3pBo32ram6xpYhjBweWXZSpPmQ_BD5rviynLvK1TNkdiTtvMbWF5Xc_2b1CpVRjBEnok7GLx2EkeimdnFR0qslKIklmlFA4hD-SdF-76ECOp60ktKXy-9n047Q:1vvZkJ:n0hMb216h5H-owx4qJG7H3rMPjIuMvGYAN4iMTcmQKw",
    "expire_date": "2026-03-12T11:41:31.765Z"
  }
},
{
  "model": "token_blacklist.blacklistedtoken",
  "pk": 1,
  "fields": {
    "token": 5,
    "blacklisted_at": "2026-02-26T12:47:29.020Z"
  }
},
{
  "model": "token_blacklist.blacklistedtoken",
  "pk": 2,
  "fields": {
    "token": 6,
    "blacklisted_at": "2026-02-26T12:50:57.075Z"
  }
},
{
  "model": "token_blacklist.blacklistedtoken",
  "pk": 3,
  "fields": {
    "token": 7,
    "blacklisted_at": "2026-02-26T12:51:43.138Z"
  }
},
{
  "model": "token_blacklist.blacklistedtoken",
  "pk": 4,
  "fields": {
    "token": 10,
    "blacklisted_at": "2026-02-26T16:12:49.162Z"
  }
},
{
  "model": "token_blacklist.blacklistedtoken",
  "pk": 5,
  "fields": {
    "token": 15,
    "blacklisted_at": "2026-02-26T16:15:58.555Z"
  }
},
{
  "model": "token_blacklist.blacklistedtoken",
  "pk": 6,
  "fields": {
    "token": 17,
    "blacklisted_at": "2026-02-26T16:20:03.571Z"
  }
},
{
  "model": "token_blacklist.blacklistedtoken",
  "pk": 7,
  "fields": {
    "token": 22,
    "blacklisted_at": "2026-02-26T16:42:10.233Z"
  }
},
{
  "model": "token_blacklist.blacklistedtoken",
  "pk": 8,
  "fields": {
    "token": 25,
    "blacklisted_at": "2026-02-26T16:49:13.274Z"
  }
},
{
  "model": "token_blacklist.blacklistedtoken",
  "pk": 9,
  "fields": {
    "token": 29,
    "blacklisted_at": "2026-02-26T16:58:07.387Z"
  }
},
{
  "model": "token_blacklist.blacklistedtoken",
  "pk": 10,
  "fields": {
    "token": 34,
    "blacklisted_at": "2026-02-26T18:12:46.894Z"
  }
},
{
  "model": "token_blacklist.blacklistedtoken",
  "pk": 11,
  "fields": {
    "token": 35,
    "blacklisted_at": "2026-02-26T18:13:15.857Z"
  }
},
{
  "model": "token_blacklist.blacklistedtoken",
  "pk": 12,
  "fields": {
    "token": 36,
    "blacklisted_at": "2026-02-26T18:36:09.607Z"
  }
},
{
  "model": "token_blacklist.blacklistedtoken",
  "pk": 13,
  "fields": {
    "token": 39,
    "blacklisted_at": "2026-02-27T11:02:06.741Z"
  }
},
{
  "model": "token_blacklist.blacklistedtoken",
  "pk": 14,
  "fields": {
    "token": 40,
    "blacklisted_at": "2026-02-27T11:32:57.439Z"
  }
},
{
  "model": "token_blacklist.blacklistedtoken",
  "pk": 15,
  "fields": {
    "token": 42,
    "blacklisted_at": "2026-02-27T11:34:33.561Z"
  }
},
{
  "model": "token_blacklist.blacklistedtoken",
  "pk": 16,
  "fields": {
    "token": 43,
    "blacklisted_at": "2026-02-27T11:40:56.537Z"
  }
},
{
  "model": "token_blacklist.blacklistedtoken",
  "pk": 17,
  "fields": {
    "token": 45,
    "blacklisted_at": "2026-02-27T11:48:05.238Z"
  }
},
{
  "model": "token_blacklist.blacklistedtoken",
  "pk": 18,
  "fields": {
    "token": 41,
    "blacklisted_at": "2026-02-27T11:51:08.501Z"
  }
},
{
  "model": "token_blacklist.blacklistedtoken",
  "pk": 19,
  "fields": {
    "token": 48,
    "blacklisted_at": "2026-02-27T12:36:17.032Z"
  }
},
{
  "model": "token_blacklist.blacklistedtoken",
  "pk": 20,
  "fields": {
    "token": 51,
    "blacklisted_at": "2026-02-27T15:49:07.706Z"
  }
},
{
  "model": "token_blacklist.blacklistedtoken",
  "pk": 21,
  "fields": {
    "token": 52,
    "blacklisted_at": "2026-02-27T15:54:23.025Z"
  }
},
{
  "model": "token_blacklist.blacklistedtoken",
  "pk": 22,
  "fields": {
    "token": 53,
    "blacklisted_at": "2026-02-27T16:06:46.089Z"
  }
},
{
  "model": "token_blacklist.blacklistedtoken",
  "pk": 23,
  "fields": {
    "token": 54,
    "blacklisted_at": "2026-02-27T16:10:45.857Z"
  }
},
{
  "model": "token_blacklist.blacklistedtoken",
  "pk": 24,
  "fields": {
    "token": 57,
    "blacklisted_at": "2026-02-27T16:14:10.140Z"
  }
},
{
  "model": "token_blacklist.blacklistedtoken",
  "pk": 25,
  "fields": {
    "token": 63,
    "blacklisted_at": "2026-02-27T17:01:22.073Z"
  }
},
{
  "model": "token_blacklist.blacklistedtoken",
  "pk": 26,
  "fields": {
    "token": 68,
    "blacklisted_at": "2026-02-27T17:24:50.765Z"
  }
},
{
  "model": "token_blacklist.blacklistedtoken",
  "pk": 27,
  "fields": {
    "token": 71,
    "blacklisted_at": "2026-02-27T18:15:33.413Z"
  }
},
{
  "model": "token_blacklist.blacklistedtoken",
  "pk": 28,
  "fields": {
    "token": 73,
    "blacklisted_at": "2026-02-27T18:22:23.277Z"
  }
},
{
  "model": "token_blacklist.blacklistedtoken",
  "pk": 29,
  "fields": {
    "token": 78,
    "blacklisted_at": "2026-02-28T09:59:19.852Z"
  }
},
{
  "model": "token_blacklist.blacklistedtoken",
  "pk": 30,
  "fields": {
    "token": 91,
    "blacklisted_at": "2026-02-28T12:40:33.652Z"
  }
},
{
  "model": "token_blacklist.blacklistedtoken",
  "pk": 31,
  "fields": {
    "token": 92,
    "blacklisted_at": "2026-02-28T12:41:47.638Z"
  }
},
{
  "model": "users.customuser",
  "fields": {
    "password": "pbkdf2_sha256$600000$niIcvv2JAOqXYpbrtVuCGQ$cIOeWOn+N/X/2v7eaa2cceetT2ZELvdqzfpUQl4w9DE=",
    "last_login": "2026-02-26T11:41:31.752Z",
    "is_superuser": true,
    "name": "Admin",
    "email": "admin@gmail.com",
    "phone": "6303925687",
    "role": "admin",
    "latitude": "9.572435",
    "longitude": "77.675857",
    "is_verified": true,
    "is_active": true,
    "is_staff": true,
    "address_line": "main bazar,near panchayathi office",
    "city": "Ongole",
    "state": "Andhra Pradesh",
    "country": "India",
    "pin_code": "523264",
    "created_at": "2026-02-26T11:25:47.699Z",
    "groups": [],
    "user_permissions": []
  }
},
{
  "model": "users.customuser",
  "fields": {
    "password": "pbkdf2_sha256$600000$GdZk3Jw3hxcp5Cyr697jUW$CVgnOdhlRK5yAbIa1FatXXma5ynNbW18PZsigwt4VfE=",
    "last_login": null,
    "is_superuser": false,
    "name": "Kavya.P",
    "email": "farmer1@gmail.com",
    "phone": "+91630395978",
    "role": "farmer",
    "latitude": "37.568200",
    "longitude": "126.997700",
    "is_verified": true,
    "is_active": true,
    "is_staff": false,
    "address_line": "Ram Nagar 2nd Line",
    "city": "Chennai",
    "state": "Tamil Nadu",
    "country": "india",
    "pin_code": "626126",
    "created_at": "2026-02-26T11:48:39.714Z",
    "groups": [],
    "user_permissions": []
  }
},
{
  "model": "users.customuser",
  "fields": {
    "password": "pbkdf2_sha256$600000$0apGBsktTPw01R1mBkPJkz$7ic3ybCKl/jM8XUrJHmZh8N//Ydzy/sZc8Z9m3oPPRE=",
    "last_login": null,
    "is_superuser": false,
    "name": "rani",
    "email": "Consumer@gmail.com",
    "phone": "8568746923",
    "role": "consumer",
    "latitude": null,
    "longitude": null,
    "is_verified": true,
    "is_active": true,
    "is_staff": false,
    "address_line": null,
    "city": null,
    "state": null,
    "country": null,
    "pin_code": null,
    "created_at": "2026-02-26T12:41:30.976Z",
    "groups": [],
    "user_permissions": []
  }
},
{
  "model": "users.customuser",
  "fields": {
    "password": "pbkdf2_sha256$600000$qB0OhOtPuDy0xcP9VfJxEb$Y2dCjkXjaf/8sVm2pQl+XtuJAv4WFIaaBvsagxMbKR0=",
    "last_login": null,
    "is_superuser": false,
    "name": "Rani.K",
    "email": "customer@gmail.com",
    "phone": "+916303926587",
    "role": "consumer",
    "latitude": null,
    "longitude": null,
    "is_verified": true,
    "is_active": true,
    "is_staff": false,
    "address_line": "near D-mart,1st street Gandhi Nagar",
    "city": "Ongole",
    "state": "Andhra Pradesh",
    "country": "india",
    "pin_code": "523201",
    "created_at": "2026-02-26T16:12:33.983Z",
    "groups": [],
    "user_permissions": []
  }
},
{
  "model": "users.customuser",
  "fields": {
    "password": "pbkdf2_sha256$600000$edtWrE425PmCzXi9ZjBPhE$3mFo/ZuEeAPEb7N5UscNiPraNA/HgMH+ew6687elTW8=",
    "last_login": null,
    "is_superuser": false,
    "name": "Navya.P",
    "email": "farmer@gmail.com",
    "phone": "+9185698741523",
    "role": "farmer",
    "latitude": "9.572441",
    "longitude": "77.675857",
    "is_verified": true,
    "is_active": true,
    "is_staff": false,
    "address_line": null,
    "city": null,
    "state": null,
    "country": null,
    "pin_code": null,
    "created_at": "2026-02-26T16:13:59.114Z",
    "groups": [],
    "user_permissions": []
  }
},
{
  "model": "users.customuser",
  "fields": {
    "password": "pbkdf2_sha256$600000$NKSjpX3bYyGUDqs6VyWDYy$n67JfQVp2pG/Fh1IYFv1DZeYoX67i3YiMFhbE92CwLo=",
    "last_login": null,
    "is_superuser": false,
    "name": "BOY1",
    "email": "delivery1@agro.com",
    "phone": "8569412367",
    "role": "delivery",
    "latitude": null,
    "longitude": null,
    "is_verified": true,
    "is_active": true,
    "is_staff": false,
    "address_line": "gandhi nagar",
    "city": "vinukonda",
    "state": "ANDHRA PRADESH",
    "country": "India",
    "pin_code": "523264",
    "created_at": "2026-02-27T11:30:49.684Z",
    "groups": [],
    "user_permissions": []
  }
},
{
  "model": "users.customuser",
  "fields": {
    "password": "pbkdf2_sha256$600000$azZWWCVJyeAUmONnUSlydK$/5WRoJ1BkfOBMk4qIqqOgNmn56MCBdNglci61w8hEfE=",
    "last_login": null,
    "is_superuser": false,
    "name": "Test Consumer",
    "email": "consumer1@agro.com",
    "phone": "9876543210",
    "role": "consumer",
    "latitude": null,
    "longitude": null,
    "is_verified": true,
    "is_active": true,
    "is_staff": false,
    "address_line": "near Bus stand",
    "city": "Hyderabad",
    "state": "Telangana",
    "country": "india",
    "pin_code": "564789",
    "created_at": "2026-02-27T11:35:32.387Z",
    "groups": [],
    "user_permissions": []
  }
},
{
  "model": "users.customuser",
  "fields": {
    "password": "pbkdf2_sha256$600000$YMweAdOusv4eKl6EqLzF6s$S7KoQ6X5WF02+FG3fWgrnjtr3Q6XoFXwm8mEvRWWvEg=",
    "last_login": null,
    "is_superuser": false,
    "name": "ram",
    "email": "delivery2@agro.com",
    "phone": "+916356820688",
    "role": "delivery",
    "latitude": null,
    "longitude": null,
    "is_verified": true,
    "is_active": true,
    "is_staff": false,
    "address_line": null,
    "city": null,
    "state": null,
    "country": null,
    "pin_code": null,
    "created_at": "2026-02-27T11:52:41.991Z",
    "groups": [],
    "user_permissions": []
  }
},
{
  "model": "crops.crop",
  "pk": 1,
  "fields": {
    "farmer": [
      "farmer1@gmail.com"
    ],
    "name": "Rice",
    "batch_number": "BATCH-A5971C",
    "type": "grain",
    "quantity_available": "1986.00",
    "price_per_kg": "60.00",
    "image": "",
    "description": "",
    "out_of_stock": false,
    "created_at": "2026-02-26T11:49:49.719Z",
    "updated_at": "2026-03-01T05:45:44.422Z"
  }
},
{
  "model": "crops.crop",
  "pk": 2,
  "fields": {
    "farmer": [
      "farmer@gmail.com"
    ],
    "name": "Rice",
    "batch_number": "BATCH-930F94",
    "type": "grain",
    "quantity_available": "49966.00",
    "price_per_kg": "60.00",
    "image": "",
    "description": "",
    "out_of_stock": false,
    "created_at": "2026-02-26T16:16:27.204Z",
    "updated_at": "2026-03-01T05:45:44.433Z"
  }
},
{
  "model": "crops.crop",
  "pk": 3,
  "fields": {
    "farmer": [
      "farmer@gmail.com"
    ],
    "name": "Tomato",
    "batch_number": "BATCH-39E36E",
    "type": "vegetable",
    "quantity_available": "4982.00",
    "price_per_kg": "20.00",
    "image": "",
    "description": "",
    "out_of_stock": false,
    "created_at": "2026-02-26T16:16:54.675Z",
    "updated_at": "2026-03-01T05:45:44.431Z"
  }
},
{
  "model": "crops.crop",
  "pk": 4,
  "fields": {
    "farmer": [
      "admin@gmail.com"
    ],
    "name": "Wheat",
    "batch_number": "BATCH-9B0454",
    "type": "vegetable",
    "quantity_available": "492.00",
    "price_per_kg": "20.00",
    "image": "",
    "description": "Fresh organic wheat from local farm.",
    "out_of_stock": false,
    "created_at": "2026-02-27T11:04:55.533Z",
    "updated_at": "2026-03-01T05:45:44.428Z"
  }
},
{
  "model": "orders.order",
  "pk": 1,
  "fields": {
    "consumer": [
      "Consumer@gmail.com"
    ],
    "crop": 1,
    "quantity": "1.00",
    "total_price": "60.00",
    "payment_method": "online",
    "payment_status": "pending",
    "cod_payment_type": null,
    "order_status": "pending",
    "delivery_address": null,
    "pickup_address": null,
    "pickup_qr": "",
    "delivery_qr": "",
    "delivery_agent": null,
    "estimated_delivery_time": null,
    "delivery_latitude": null,
    "delivery_longitude": null,
    "stripe_session_id": "cs_test_a1Ltt1Syjt4CXtROwMZcM3u4DiGwigTdQ8sqohQwRTXlacNGvNcnFTN3bu",
    "stripe_payment_id": null,
    "created_at": "2026-02-26T12:42:19.800Z",
    "updated_at": "2026-02-26T12:42:22.215Z"
  }
},
{
  "model": "orders.order",
  "pk": 2,
  "fields": {
    "consumer": [
      "Consumer@gmail.com"
    ],
    "crop": 1,
    "quantity": "7.00",
    "total_price": "420.00",
    "payment_method": "online",
    "payment_status": "pending",
    "cod_payment_type": null,
    "order_status": "pending",
    "delivery_address": null,
    "pickup_address": null,
    "pickup_qr": "",
    "delivery_qr": "",
    "delivery_agent": null,
    "estimated_delivery_time": null,
    "delivery_latitude": null,
    "delivery_longitude": null,
    "stripe_session_id": "cs_test_a1z63UVBEj3wsFLqkkFK9A5IrUzTjiT7MSbBboj1nYdvruwdcqS7KBaebQ",
    "stripe_payment_id": null,
    "created_at": "2026-02-26T12:44:36.656Z",
    "updated_at": "2026-02-26T12:44:38.409Z"
  }
},
{
  "model": "orders.order",
  "pk": 3,
  "fields": {
    "consumer": [
      "Consumer@gmail.com"
    ],
    "crop": 1,
    "quantity": "4.00",
    "total_price": "240.00",
    "payment_method": "online",
    "payment_status": "pending",
    "cod_payment_type": null,
    "order_status": "pending",
    "delivery_address": null,
    "pickup_address": null,
    "pickup_qr": "",
    "delivery_qr": "",
    "delivery_agent": null,
    "estimated_delivery_time": null,
    "delivery_latitude": null,
    "delivery_longitude": null,
    "stripe_session_id": "cs_test_a1sLejWMfd6g9H21JghXX7bHBBrcnMEu6Xo1LuZyHH60mgflmBTtx3imXC",
    "stripe_payment_id": null,
    "created_at": "2026-02-26T16:05:27.460Z",
    "updated_at": "2026-02-27T12:01:59.021Z"
  }
},
{
  "model": "orders.order",
  "pk": 4,
  "fields": {
    "consumer": [
      "customer@gmail.com"
    ],
    "crop": 2,
    "quantity": "10.00",
    "total_price": "600.00",
    "payment_method": "online",
    "payment_status": "paid",
    "cod_payment_type": null,
    "order_status": "pending",
    "delivery_address": null,
    "pickup_address": null,
    "pickup_qr": "",
    "delivery_qr": "",
    "delivery_agent": null,
    "estimated_delivery_time": null,
    "delivery_latitude": null,
    "delivery_longitude": null,
    "stripe_session_id": "cs_test_a11NzJPjUEKwjEqLaAoxUo5uGWoqvmujeWLMQfzbkHZN8b5j5VkircxfK8",
    "stripe_payment_id": "pi_3T57k52OfMS2DYUM16hfm0lh",
    "created_at": "2026-02-26T16:18:10.446Z",
    "updated_at": "2026-02-26T16:48:52.785Z"
  }
},
{
  "model": "orders.order",
  "pk": 5,
  "fields": {
    "consumer": [
      "customer@gmail.com"
    ],
    "crop": 1,
    "quantity": "7.00",
    "total_price": "420.00",
    "payment_method": "online",
    "payment_status": "paid",
    "cod_payment_type": null,
    "order_status": "pending",
    "delivery_address": null,
    "pickup_address": null,
    "pickup_qr": "",
    "delivery_qr": "",
    "delivery_agent": null,
    "estimated_delivery_time": null,
    "delivery_latitude": null,
    "delivery_longitude": null,
    "stripe_session_id": "cs_test_a1e2x6c4HyQymPnXov77aSIOl0qXyGrTomNkbfS8osVH4qRBUHU1zcl9QX",
    "stripe_payment_id": "pi_3T57dN2OfMS2DYUM1virTYiR",
    "created_at": "2026-02-26T16:40:18.451Z",
    "updated_at": "2026-02-26T16:41:57.520Z"
  }
},
{
  "model": "orders.order",
  "pk": 6,
  "fields": {
    "consumer": [
      "customer@gmail.com"
    ],
    "crop": 2,
    "quantity": "5.00",
    "total_price": "300.00",
    "payment_method": "online",
    "payment_status": "paid",
    "cod_payment_type": null,
    "order_status": "pending",
    "delivery_address": null,
    "pickup_address": null,
    "pickup_qr": "",
    "delivery_qr": "",
    "delivery_agent": null,
    "estimated_delivery_time": null,
    "delivery_latitude": null,
    "delivery_longitude": null,
    "stripe_session_id": "cs_test_a1tHJaesiQRDOsW2q1DwqC3TW33rWqbpImBranMKYgLxE3KbJZ05vB1hF6",
    "stripe_payment_id": "pi_3T592b2OfMS2DYUM1eDlC1V4",
    "created_at": "2026-02-26T18:10:16.639Z",
    "updated_at": "2026-02-26T18:12:05.073Z"
  }
},
{
  "model": "orders.order",
  "pk": 7,
  "fields": {
    "consumer": [
      "customer@gmail.com"
    ],
    "crop": 1,
    "quantity": "6.00",
    "total_price": "360.00",
    "payment_method": "cod",
    "payment_status": "pending",
    "cod_payment_type": null,
    "order_status": "confirmed",
    "delivery_address": "Ongole",
    "pickup_address": null,
    "pickup_qr": "",
    "delivery_qr": "",
    "delivery_agent": null,
    "estimated_delivery_time": "2026-02-26T20:36:42.499Z",
    "delivery_latitude": null,
    "delivery_longitude": null,
    "stripe_session_id": null,
    "stripe_payment_id": null,
    "created_at": "2026-02-26T18:36:42.499Z",
    "updated_at": "2026-02-26T18:36:42.499Z"
  }
},
{
  "model": "orders.order",
  "pk": 8,
  "fields": {
    "consumer": [
      "consumer1@agro.com"
    ],
    "crop": 4,
    "quantity": "1.00",
    "total_price": "20.00",
    "payment_method": "cod",
    "payment_status": "paid",
    "cod_payment_type": null,
    "order_status": "delivered",
    "delivery_address": "123 Test Street, New York, NY",
    "pickup_address": "admin's Farm (Lat: 9.572435, Lng: 77.675857)",
    "pickup_qr": "",
    "delivery_qr": "",
    "delivery_agent": [
      "delivery1@agro.com"
    ],
    "estimated_delivery_time": "2026-02-27T13:40:37.378Z",
    "delivery_latitude": 28.6144,
    "delivery_longitude": 77.2095,
    "stripe_session_id": null,
    "stripe_payment_id": null,
    "created_at": "2026-02-27T11:40:37.378Z",
    "updated_at": "2026-02-27T17:58:28.268Z"
  }
},
{
  "model": "orders.order",
  "pk": 9,
  "fields": {
    "consumer": [
      "Consumer@gmail.com"
    ],
    "crop": 4,
    "quantity": "3.00",
    "total_price": "60.00",
    "payment_method": "cod",
    "payment_status": "paid",
    "cod_payment_type": null,
    "order_status": "delivered",
    "delivery_address": "ongole, main road",
    "pickup_address": "admin's Farm (Lat: 9.572435, Lng: 77.675857)",
    "pickup_qr": "",
    "delivery_qr": "",
    "delivery_agent": [
      "delivery2@agro.com"
    ],
    "estimated_delivery_time": "2026-02-27T13:53:32.284Z",
    "delivery_latitude": null,
    "delivery_longitude": null,
    "stripe_session_id": "cs_test_a1O8cQvK8DSdJOgcASVxxYRQ4tqcODfE34LRf9k4ntTuIHpT4ySPGUCH9h",
    "stripe_payment_id": null,
    "created_at": "2026-02-27T11:53:32.285Z",
    "updated_at": "2026-02-28T10:13:37.267Z"
  }
},
{
  "model": "orders.order",
  "pk": 10,
  "fields": {
    "consumer": [
      "customer@gmail.com"
    ],
    "crop": 3,
    "quantity": "2.00",
    "total_price": "40.00",
    "payment_method": "online",
    "payment_status": "failed",
    "cod_payment_type": null,
    "order_status": "cancelled",
    "delivery_address": "ongole",
    "pickup_address": "Navya.P's Farm (Lat: 9.572441, Lng: 77.675857)",
    "pickup_qr": "qr/pickup/pickup_10.png",
    "delivery_qr": "qr/delivery/delivery_10.png",
    "delivery_agent": [
      "delivery2@agro.com"
    ],
    "estimated_delivery_time": null,
    "delivery_latitude": null,
    "delivery_longitude": null,
    "stripe_session_id": null,
    "stripe_payment_id": null,
    "created_at": "2026-02-27T12:36:51.242Z",
    "updated_at": "2026-02-27T13:26:29.738Z"
  }
},
{
  "model": "orders.order",
  "pk": 11,
  "fields": {
    "consumer": [
      "customer@gmail.com"
    ],
    "crop": 3,
    "quantity": "3.00",
    "total_price": "60.00",
    "payment_method": "online",
    "payment_status": "paid",
    "cod_payment_type": null,
    "order_status": "delivered",
    "delivery_address": "ongole",
    "pickup_address": "Navya.P's Farm (Lat: 9.572441, Lng: 77.675857)",
    "pickup_qr": "qr/pickup/pickup_11.png",
    "delivery_qr": "qr/delivery/delivery_11.png",
    "delivery_agent": [
      "delivery2@agro.com"
    ],
    "estimated_delivery_time": "2026-02-27T14:40:45.676Z",
    "delivery_latitude": null,
    "delivery_longitude": null,
    "stripe_session_id": "cs_test_a1AgQd8jhsUI19oPvF40CC5zfI4dO5LM7WaRlSC9sCnp3MysHNTVeirkzq",
    "stripe_payment_id": "pi_3T5QLW2OfMS2DYUM0JvY4Qsa",
    "created_at": "2026-02-27T12:40:33.900Z",
    "updated_at": "2026-02-28T10:12:34.197Z"
  }
},
{
  "model": "orders.order",
  "pk": 12,
  "fields": {
    "consumer": [
      "customer@gmail.com"
    ],
    "crop": 2,
    "quantity": "2.00",
    "total_price": "120.00",
    "payment_method": "cod",
    "payment_status": "paid",
    "cod_payment_type": null,
    "order_status": "delivered",
    "delivery_address": "ongole",
    "pickup_address": "Navya.P's Farm (Lat: 9.572441, Lng: 77.675857)",
    "pickup_qr": "qr/pickup/pickup_12.png",
    "delivery_qr": "qr/delivery/delivery_12.png",
    "delivery_agent": [
      "delivery2@agro.com"
    ],
    "estimated_delivery_time": "2026-02-27T14:41:39.625Z",
    "delivery_latitude": 28.6144,
    "delivery_longitude": 77.2095,
    "stripe_session_id": "cs_test_a1iTP4pxt4pQjwZdCMXOvvDCZ0j6JCZ4v9v0Iyct5peQysPoQ8IUKynugV",
    "stripe_payment_id": null,
    "created_at": "2026-02-27T12:41:39.626Z",
    "updated_at": "2026-02-28T10:12:27.047Z"
  }
},
{
  "model": "payments.paymentlog",
  "pk": 1,
  "fields": {
    "order": 5,
    "stripe_payment_id": "pi_3T57dN2OfMS2DYUM1virTYiR",
    "stripe_session_id": "cs_test_a1e2x6c4HyQymPnXov77aSIOl0qXyGrTomNkbfS8osVH4qRBUHU1zcl9QX",
    "amount": "420.00",
    "currency": "inr",
    "status": "succeeded",
    "created_at": "2026-02-26T16:41:57.537Z"
  }
},
{
  "model": "payments.paymentlog",
  "pk": 2,
  "fields": {
    "order": 4,
    "stripe_payment_id": "pi_3T57k52OfMS2DYUM16hfm0lh",
    "stripe_session_id": "cs_test_a11NzJPjUEKwjEqLaAoxUo5uGWoqvmujeWLMQfzbkHZN8b5j5VkircxfK8",
    "amount": "600.00",
    "currency": "inr",
    "status": "succeeded",
    "created_at": "2026-02-26T16:48:52.803Z"
  }
},
{
  "model": "payments.paymentlog",
  "pk": 3,
  "fields": {
    "order": 6,
    "stripe_payment_id": "pi_3T592b2OfMS2DYUM1eDlC1V4",
    "stripe_session_id": "cs_test_a1tHJaesiQRDOsW2q1DwqC3TW33rWqbpImBranMKYgLxE3KbJZ05vB1hF6",
    "amount": "300.00",
    "currency": "inr",
    "status": "succeeded",
    "created_at": "2026-02-26T18:12:05.093Z"
  }
},
{
  "model": "payments.paymentlog",
  "pk": 4,
  "fields": {
    "order": 11,
    "stripe_payment_id": "pi_3T5QLW2OfMS2DYUM0JvY4Qsa",
    "stripe_session_id": "cs_test_a1AgQd8jhsUI19oPvF40CC5zfI4dO5LM7WaRlSC9sCnp3MysHNTVeirkzq",
    "amount": "60.00",
    "currency": "inr",
    "status": "succeeded",
    "created_at": "2026-02-27T12:40:45.665Z"
  }
},
{
  "model": "reviews.review",
  "pk": 1,
  "fields": {
    "consumer": [
      "customer@gmail.com"
    ],
    "farmer": [
      "farmer1@gmail.com"
    ],
    "order": 5,
    "rating": 4,
    "comment": "",
    "is_moderated": false,
    "created_at": "2026-02-26T16:42:06.021Z"
  }
},
{
  "model": "reviews.review",
  "pk": 2,
  "fields": {
    "consumer": [
      "customer@gmail.com"
    ],
    "farmer": [
      "farmer@gmail.com"
    ],
    "order": 4,
    "rating": 4,
    "comment": "good",
    "is_moderated": false,
    "created_at": "2026-02-26T16:49:07.842Z"
  }
},
{
  "model": "reviews.review",
  "pk": 3,
  "fields": {
    "consumer": [
      "consumer1@agro.com"
    ],
    "farmer": [
      "admin@gmail.com"
    ],
    "order": 8,
    "rating": 4,
    "comment": "good product",
    "is_moderated": false,
    "created_at": "2026-02-28T09:56:59.728Z"
  }
},
{
  "model": "token_blacklist.outstandingtoken",
  "pk": 1,
  "fields": {
    "user": [
      "admin@gmail.com"
    ],
    "jti": "b8ee580f453a48bb8b44b4c28e4619ab",
    "token": "eyJhbGciOiJIUzI1NiIsInR5cCI6IkpXVCJ9.eyJ0b2tlbl90eXBlIjoicmVmcmVzaCIsImV4cCI6MTc3MjcxMDg4MCwiaWF0IjoxNzcyMTA2MDgwLCJqdGkiOiJiOGVlNTgwZjQ1M2E0OGJiOGI0NGI0YzI4ZTQ2MTlhYiIsInVzZXJfaWQiOiIxIn0.x-mg_cH8ljGnY3PHGG9hfV07opvnnposT-ozrOr5p3U",
    "created_at": "2026-02-26T11:41:20.240Z",
    "expires_at": "2026-03-05T11:41:20Z"
  }
},
{
  "model": "token_blacklist.outstandingtoken",
  "pk": 2,
  "fields": {
    "user": [
      "farmer1@gmail.com"
    ],
    "jti": "1036fb8902b7429e96c9c3fa9f398472",
    "token": "eyJhbGciOiJIUzI1NiIsInR5cCI6IkpXVCJ9.eyJ0b2tlbl90eXBlIjoicmVmcmVzaCIsImV4cCI6MTc3MjcxMTMxOSwiaWF0IjoxNzcyMTA2NTE5LCJqdGkiOiIxMDM2ZmI4OTAyYjc0MjllOTZjOWMzZmE5ZjM5ODQ3MiIsInVzZXJfaWQiOiIyIn0.TQCZU2X6S36hh_XwVaC2tpqsvIdc_gDpUOINTw1JvGU",
    "created_at": "2026-02-26T11:48:39.772Z",
    "expires_at": "2026-03-05T11:48:39Z"
  }
},
{
  "model": "token_blacklist.outstandingtoken",
  "pk": 3,
  "fields": {
    "user": [
      "admin@gmail.com"
    ],
    "jti": "3c60e66c17f349ec89599a64da205032",
    "token": "eyJhbGciOiJIUzI1NiIsInR5cCI6IkpXVCJ9.eyJ0b2tlbl90eXBlIjoicmVmcmVzaCIsImV4cCI6MTc3MjcxMTQ3MSwiaWF0IjoxNzcyMTA2NjcxLCJqdGkiOiIzYzYwZTY2YzE3ZjM0OWVjODk1OTlhNjRkYTIwNTAzMiIsInVzZXJfaWQiOiIxIn0.FqXHNp573oHIDBvXUPyVCDCKLKCqTrWDWYTW9D5g4x0",
    "created_at": "2026-02-26T11:51:11.839Z",
    "expires_at": "2026-03-05T11:51:11Z"
  }
},
{
  "model": "token_blacklist.outstandingtoken",
  "pk": 4,
  "fields": {
    "user": [
      "farmer1@gmail.com"
    ],
    "jti": "34cddb18d7954b3cb499cc8f8d66dfe3",
    "token": "eyJhbGciOiJIUzI1NiIsInR5cCI6IkpXVCJ9.eyJ0b2tlbl90eXBlIjoicmVmcmVzaCIsImV4cCI6MTc3MjcxNDM4NiwiaWF0IjoxNzcyMTA5NTg2LCJqdGkiOiIzNGNkZGIxOGQ3OTU0YjNjYjQ5OWNjOGY4ZDY2ZGZlMyIsInVzZXJfaWQiOiIyIn0.iJM2yx2g54XqmJf1fDDn0saG3dWuYvw3QJj32czU--o",
    "created_at": "2026-02-26T12:39:46.373Z",
    "expires_at": "2026-03-05T12:39:46Z"
  }
},
{
  "model": "token_blacklist.outstandingtoken",
  "pk": 5,
  "fields": {
    "user": [
      "Consumer@gmail.com"
    ],
    "jti": "50ddc3926c8b4ad6a78bad5d02fc9e24",
    "token": "eyJhbGciOiJIUzI1NiIsInR5cCI6IkpXVCJ9.eyJ0b2tlbl90eXBlIjoicmVmcmVzaCIsImV4cCI6MTc3MjcxNDQ5MSwiaWF0IjoxNzcyMTA5NjkxLCJqdGkiOiI1MGRkYzM5MjZjOGI0YWQ2YTc4YmFkNWQwMmZjOWUyNCIsInVzZXJfaWQiOiIzIn0.ttRUvbsUbZ29k34qZ8Qkfz0cOSTfLhBGZC0JY90Yi9I",
    "created_at": "2026-02-26T12:41:31.009Z",
    "expires_at": "2026-03-05T12:41:31Z"
  }
},
{
  "model": "token_blacklist.outstandingtoken",
  "pk": 6,
  "fields": {
    "user": [
      "Consumer@gmail.com"
    ],
    "jti": "e397378eccd648608074d68f4a701156",
    "token": "eyJhbGciOiJIUzI1NiIsInR5cCI6IkpXVCJ9.eyJ0b2tlbl90eXBlIjoicmVmcmVzaCIsImV4cCI6MTc3MjcxNDkyMiwiaWF0IjoxNzcyMTEwMTIyLCJqdGkiOiJlMzk3Mzc4ZWNjZDY0ODYwODA3NGQ2OGY0YTcwMTE1NiIsInVzZXJfaWQiOiIzIn0.KexfaqNdttGoOnx5hNykGDQ4tU4cnRyoBDJjocYQUks",
    "created_at": "2026-02-26T12:48:42.782Z",
    "expires_at": "2026-03-05T12:48:42Z"
  }
},
{
  "model": "token_blacklist.outstandingtoken",
  "pk": 7,
  "fields": {
    "user": [
      "farmer1@gmail.com"
    ],
    "jti": "f81636edc0c74a7e80141712adacc063",
    "token": "eyJhbGciOiJIUzI1NiIsInR5cCI6IkpXVCJ9.eyJ0b2tlbl90eXBlIjoicmVmcmVzaCIsImV4cCI6MTc3MjcxNTA2NiwiaWF0IjoxNzcyMTEwMjY2LCJqdGkiOiJmODE2MzZlZGMwYzc0YTdlODAxNDE3MTJhZGFjYzA2MyIsInVzZXJfaWQiOiIyIn0.PBaTQYC5W3jQOBQcshPh1IwPKHLV_GsoBXPUteF9sQA",
    "created_at": "2026-02-26T12:51:06.338Z",
    "expires_at": "2026-03-05T12:51:06Z"
  }
},
{
  "model": "token_blacklist.outstandingtoken",
  "pk": 8,
  "fields": {
    "user": [
      "Consumer@gmail.com"
    ],
    "jti": "60913da042db401f99b9ff06e04a32ad",
    "token": "eyJhbGciOiJIUzI1NiIsInR5cCI6IkpXVCJ9.eyJ0b2tlbl90eXBlIjoicmVmcmVzaCIsImV4cCI6MTc3MjcxNTE0NywiaWF0IjoxNzcyMTEwMzQ3LCJqdGkiOiI2MDkxM2RhMDQyZGI0MDFmOTliOWZmMDZlMDRhMzJhZCIsInVzZXJfaWQiOiIzIn0.HnlREo_ayupDm-DyZRw70yz4jpqYlfzdRhRmayqj9U4",
    "created_at": "2026-02-26T12:52:27.612Z",
    "expires_at": "2026-03-05T12:52:27Z"
  }
},
{
  "model": "token_blacklist.outstandingtoken",
  "pk": 9,
  "fields": {
    "user": [
      "Consumer@gmail.com"
    ],
    "jti": "23aa55d241c44a0b8dfb54aabb87db29",
    "token": "eyJhbGciOiJIUzI1NiIsInR5cCI6IkpXVCJ9.eyJ0b2tlbl90eXBlIjoicmVmcmVzaCIsImV4cCI6MTc3MjcyNjcyMCwiaWF0IjoxNzcyMTIxOTIwLCJqdGkiOiIyM2FhNTVkMjQxYzQ0YTBiOGRmYjU0YWFiYjg3ZGIyOSIsInVzZXJfaWQiOiIzIn0.MbtBloXzFbNdlHwrMLHLEcGIGNz5U0ait3JZ5Kqhg7g",
    "created_at": "2026-02-26T16:05:20.467Z",
    "expires_at": "2026-03-05T16:05:20Z"
  }
},
{
  "model": "token_blacklist.outstandingtoken",
  "pk": 10,
  "fields": {
    "user": [
      "customer@gmail.com"
    ],
    "jti": "81212a9668c948d4b7faf0bb2e94f32a",
    "token": "eyJhbGciOiJIUzI1NiIsInR5cCI6IkpXVCJ9.eyJ0b2tlbl90eXBlIjoicmVmcmVzaCIsImV4cCI6MTc3MjcyNzE1NCwiaWF0IjoxNzcyMTIyMzU0LCJqdGkiOiI4MTIxMmE5NjY4Yzk0OGQ0YjdmYWYwYmIyZTk0ZjMyYSIsInVzZXJfaWQiOiI0In0.OaSc9tpU890fbKtmuEEtdgep8vSy2jRgX3LbR4xvI7g",
    "created_at": "2026-02-26T16:12:34.009Z",
    "expires_at": "2026-03-05T16:12:34Z"
  }
},
{
  "model": "token_blacklist.outstandingtoken",
  "pk": 11,
  "fields": {
    "user": [
      "farmer@gmail.com"
    ],
    "jti": "ba37e822f7bb476bbcf640d0ffe59b97",
    "token": "eyJhbGciOiJIUzI1NiIsInR5cCI6IkpXVCJ9.eyJ0b2tlbl90eXBlIjoicmVmcmVzaCIsImV4cCI6MTc3MjcyNzIzOSwiaWF0IjoxNzcyMTIyNDM5LCJqdGkiOiJiYTM3ZTgyMmY3YmI0NzZiYmNmNjQwZDBmZmU1OWI5NyIsInVzZXJfaWQiOiI1In0.ZV6HGs1rTvwiP_TYstJMX15REUE294CzjCMFJVocVGs",
    "created_at": "2026-02-26T16:13:59.126Z",
    "expires_at": "2026-03-05T16:13:59Z"
  }
},
{
  "model": "token_blacklist.outstandingtoken",
  "pk": 12,
  "fields": {
    "user": [
      "admin@gmail.com"
    ],
    "jti": "d63086f0b0b24b1a846cd4fddb72d729",
    "token": "eyJhbGciOiJIUzI1NiIsInR5cCI6IkpXVCJ9.eyJ0b2tlbl90eXBlIjoicmVmcmVzaCIsImV4cCI6MTc3MjcyNzMxOCwiaWF0IjoxNzcyMTIyNTE4LCJqdGkiOiJkNjMwODZmMGIwYjI0YjFhODQ2Y2Q0ZmRkYjcyZDcyOSIsInVzZXJfaWQiOiIxIn0.Ba9kXzCmA_KAgKKOQlSqykcnCDgOEK7F94L_88utJew",
    "created_at": "2026-02-26T16:15:18.481Z",
    "expires_at": "2026-03-05T16:15:18Z"
  }
},
{
  "model": "token_blacklist.outstandingtoken",
  "pk": 13,
  "fields": {
    "user": [
      "admin@gmail.com"
    ],
    "jti": "8d9b1fa5dbe14f88a1c057ea66e271d5",
    "token": "eyJhbGciOiJIUzI1NiIsInR5cCI6IkpXVCJ9.eyJ0b2tlbl90eXBlIjoicmVmcmVzaCIsImV4cCI6MTc3MjcyNzMyNCwiaWF0IjoxNzcyMTIyNTI0LCJqdGkiOiI4ZDliMWZhNWRiZTE0Zjg4YTFjMDU3ZWE2NmUyNzFkNSIsInVzZXJfaWQiOiIxIn0.BFi_V_UpGIxwCUzv5pXy0D99EyWcr7EwWQGdkXjTRuU",
    "created_at": "2026-02-26T16:15:24.116Z",
    "expires_at": "2026-03-05T16:15:24Z"
  }
},
{
  "model": "token_blacklist.outstandingtoken",
  "pk": 14,
  "fields": {
    "user": [
      "admin@gmail.com"
    ],
    "jti": "803913c367bf47c89d01b85eacbdc0c0",
    "token": "eyJhbGciOiJIUzI1NiIsInR5cCI6IkpXVCJ9.eyJ0b2tlbl90eXBlIjoicmVmcmVzaCIsImV4cCI6MTc3MjcyNzMzMCwiaWF0IjoxNzcyMTIyNTMwLCJqdGkiOiI4MDM5MTNjMzY3YmY0N2M4OWQwMWI4NWVhY2JkYzBjMCIsInVzZXJfaWQiOiIxIn0.8BUgK33d_StFu2pyJxkhRtE8_XtXahLjrlG671F10RQ",
    "created_at": "2026-02-26T16:15:30.802Z",
    "expires_at": "2026-03-05T16:15:30Z"
  }
},
{
  "model": "token_blacklist.outstandingtoken",
  "pk": 15,
  "fields": {
    "user": [
      "admin@gmail.com"
    ],
    "jti": "be1d8428561a418e819b0197918da07a",
    "token": "eyJhbGciOiJIUzI1NiIsInR5cCI6IkpXVCJ9.eyJ0b2tlbl90eXBlIjoicmVmcmVzaCIsImV4cCI6MTc3MjcyNzM0MiwiaWF0IjoxNzcyMTIyNTQyLCJqdGkiOiJiZTFkODQyODU2MWE0MThlODE5YjAxOTc5MThkYTA3YSIsInVzZXJfaWQiOiIxIn0.oDupgqMd1If9pG5EBMA-ytC1XVMGcaeqX-0RjsobsQE",
    "created_at": "2026-02-26T16:15:42.605Z",
    "expires_at": "2026-03-05T16:15:42Z"
  }
},
{
  "model": "token_blacklist.outstandingtoken",
  "pk": 16,
  "fields": {
    "user": [
      "farmer@gmail.com"
    ],
    "jti": "1dab34d200d34073988d4d5d9565b83f",
    "token": "eyJhbGciOiJIUzI1NiIsInR5cCI6IkpXVCJ9.eyJ0b2tlbl90eXBlIjoicmVmcmVzaCIsImV4cCI6MTc3MjcyNzM2OCwiaWF0IjoxNzcyMTIyNTY4LCJqdGkiOiIxZGFiMzRkMjAwZDM0MDczOTg4ZDRkNWQ5NTY1YjgzZiIsInVzZXJfaWQiOiI1In0.MFGdjySx9xnO5hEF4Nrp2j4WmKZqqAyeEhSGMEgCkiI",
    "created_at": "2026-02-26T16:16:08.844Z",
    "expires_at": "2026-03-05T16:16:08Z"
  }
},
{
  "model": "token_blacklist.outstandingtoken",
  "pk": 17,
  "fields": {
    "user": [
      "customer@gmail.com"
    ],
    "jti": "291d46b7e67e4e5bb774464685eac1da",
    "token": "eyJhbGciOiJIUzI1NiIsInR5cCI6IkpXVCJ9.eyJ0b2tlbl90eXBlIjoicmVmcmVzaCIsImV4cCI6MTc3MjcyNzQ1NCwiaWF0IjoxNzcyMTIyNjU0LCJqdGkiOiIyOTFkNDZiN2U2N2U0ZTViYjc3NDQ2NDY4NWVhYzFkYSIsInVzZXJfaWQiOiI0In0.GB803Qo9PMGjFiY61O_eCm4GpVSSvXflmgvnAlWRL1c",
    "created_at": "2026-02-26T16:17:34.211Z",
    "expires_at": "2026-03-05T16:17:34Z"
  }
},
{
  "model": "token_blacklist.outstandingtoken",
  "pk": 18,
  "fields": {
    "user": [
      "farmer@gmail.com"
    ],
    "jti": "b822bc334c1d4d3e8d2e4ce64125b010",
    "token": "eyJhbGciOiJIUzI1NiIsInR5cCI6IkpXVCJ9.eyJ0b2tlbl90eXBlIjoicmVmcmVzaCIsImV4cCI6MTc3MjcyNzYxMCwiaWF0IjoxNzcyMTIyODEwLCJqdGkiOiJiODIyYmMzMzRjMWQ0ZDNlOGQyZTRjZTY0MTI1YjAxMCIsInVzZXJfaWQiOiI1In0.zggwpDqwBmZjrfu9HvxVm2p2NuhTph-71Zjzrd-NZSU",
    "created_at": "2026-02-26T16:20:10.399Z",
    "expires_at": "2026-03-05T16:20:10Z"
  }
},
{
  "model": "token_blacklist.outstandingtoken",
  "pk": 19,
  "fields": {
    "user": [
      "admin@gmail.com"
    ],
    "jti": "7e727ff9df404322bacf9a868de810cf",
    "token": "eyJhbGciOiJIUzI1NiIsInR5cCI6IkpXVCJ9.eyJ0b2tlbl90eXBlIjoicmVmcmVzaCIsImV4cCI6MTc3MjcyNzYzOSwiaWF0IjoxNzcyMTIyODM5LCJqdGkiOiI3ZTcyN2ZmOWRmNDA0MzIyYmFjZjlhODY4ZGU4MTBjZiIsInVzZXJfaWQiOiIxIn0.CP50WecnHsgqbhRkkBhwRJ6GMJI0RK0OTJpjn5TzgAk",
    "created_at": "2026-02-26T16:20:39.165Z",
    "expires_at": "2026-03-05T16:20:39Z"
  }
},
{
  "model": "token_blacklist.outstandingtoken",
  "pk": 20,
  "fields": {
    "user": [
      "admin@gmail.com"
    ],
    "jti": "87bf2850df3241a993659fafe3fbff56",
    "token": "eyJhbGciOiJIUzI1NiIsInR5cCI6IkpXVCJ9.eyJ0b2tlbl90eXBlIjoicmVmcmVzaCIsImV4cCI6MTc3MjcyNzY0OCwiaWF0IjoxNzcyMTIyODQ4LCJqdGkiOiI4N2JmMjg1MGRmMzI0MWE5OTM2NTlmYWZlM2ZiZmY1NiIsInVzZXJfaWQiOiIxIn0.ez5CaQ_IzWkBKgaOzd2LMK2kjONU_-3natbZwhwjatE",
    "created_at": "2026-02-26T16:20:48.420Z",
    "expires_at": "2026-03-05T16:20:48Z"
  }
},
{
  "model": "token_blacklist.outstandingtoken",
  "pk": 21,
  "fields": {
    "user": [
      "admin@gmail.com"
    ],
    "jti": "13f4f61845b040bd9876257b3505741f",
    "token": "eyJhbGciOiJIUzI1NiIsInR5cCI6IkpXVCJ9.eyJ0b2tlbl90eXBlIjoicmVmcmVzaCIsImV4cCI6MTc3MjcyODIzMSwiaWF0IjoxNzcyMTIzNDMxLCJqdGkiOiIxM2Y0ZjYxODQ1YjA0MGJkOTg3NjI1N2IzNTA1NzQxZiIsInVzZXJfaWQiOiIxIn0.FSFuKOu9vkui5zwGDfyuMlFPLG8I3sKM3dG64XDE_70",
    "created_at": "2026-02-26T16:30:31.363Z",
    "expires_at": "2026-03-05T16:30:31Z"
  }
},
{
  "model": "token_blacklist.outstandingtoken",
  "pk": 22,
  "fields": {
    "user": [
      "customer@gmail.com"
    ],
    "jti": "dfd92521794f47988aa6329d96acf08e",
    "token": "eyJhbGciOiJIUzI1NiIsInR5cCI6IkpXVCJ9.eyJ0b2tlbl90eXBlIjoicmVmcmVzaCIsImV4cCI6MTc3MjcyODI3OSwiaWF0IjoxNzcyMTIzNDc5LCJqdGkiOiJkZmQ5MjUyMTc5NGY0Nzk4OGFhNjMyOWQ5NmFjZjA4ZSIsInVzZXJfaWQiOiI0In0.UTMNezulACSjeF2TIJosRQ5j3bsCf1en5KHAuH__DoI",
    "created_at": "2026-02-26T16:31:19.783Z",
    "expires_at": "2026-03-05T16:31:19Z"
  }
},
{
  "model": "token_blacklist.outstandingtoken",
  "pk": 23,
  "fields": {
    "user": [
      "farmer@gmail.com"
    ],
    "jti": "b07b3c4804cb4a15b36b1bf2c205171f",
    "token": "eyJhbGciOiJIUzI1NiIsInR5cCI6IkpXVCJ9.eyJ0b2tlbl90eXBlIjoicmVmcmVzaCIsImV4cCI6MTc3MjcyODkzNiwiaWF0IjoxNzcyMTI0MTM2LCJqdGkiOiJiMDdiM2M0ODA0Y2I0YTE1YjM2YjFiZjJjMjA1MTcxZiIsInVzZXJfaWQiOiI1In0.xkW2pYCELOBbIxjzwEmikfMbWhy0iMWUWWbcPvAQHoo",
    "created_at": "2026-02-26T16:42:16.288Z",
    "expires_at": "2026-03-05T16:42:16Z"
  }
},
{
  "model": "token_blacklist.outstandingtoken",
  "pk": 24,
  "fields": {
    "user": [
      "farmer@gmail.com"
    ],
    "jti": "f6dd72c52fcd439391445601f6c18e58",
    "token": "eyJhbGciOiJIUzI1NiIsInR5cCI6IkpXVCJ9.eyJ0b2tlbl90eXBlIjoicmVmcmVzaCIsImV4cCI6MTc3MjcyODk5NSwiaWF0IjoxNzcyMTI0MTk1LCJqdGkiOiJmNmRkNzJjNTJmY2Q0MzkzOTE0NDU2MDFmNmMxOGU1OCIsInVzZXJfaWQiOiI1In0.hQG96hnDXluUTTXomBY684_zZj8Gvkdu2LPWE5-yvNQ",
    "created_at": "2026-02-26T16:43:15.037Z",
    "expires_at": "2026-03-05T16:43:15Z"
  }
},
{
  "model": "token_blacklist.outstandingtoken",
  "pk": 25,
  "fields": {
    "user": [
      "customer@gmail.com"
    ],
    "jti": "23a2cac508234021b05041900f72b4cd",
    "token": "eyJhbGciOiJIUzI1NiIsInR5cCI6IkpXVCJ9.eyJ0b2tlbl90eXBlIjoicmVmcmVzaCIsImV4cCI6MTc3MjcyOTAwNCwiaWF0IjoxNzcyMTI0MjA0LCJqdGkiOiIyM2EyY2FjNTA4MjM0MDIxYjA1MDQxOTAwZjcyYjRjZCIsInVzZXJfaWQiOiI0In0.V-fxvReNIsux0EFJ11boB8lwTu0FLqW0Bqsc5qzdMbk",
    "created_at": "2026-02-26T16:43:24.508Z",
    "expires_at": "2026-03-05T16:43:24Z"
  }
},
{
  "model": "token_blacklist.outstandingtoken",
  "pk": 26,
  "fields": {
    "user": [
      "farmer@gmail.com"
    ],
    "jti": "5d3ce50d0bc1449f8f95fc224f4a66ae",
    "token": "eyJhbGciOiJIUzI1NiIsInR5cCI6IkpXVCJ9.eyJ0b2tlbl90eXBlIjoicmVmcmVzaCIsImV4cCI6MTc3MjcyOTM2MCwiaWF0IjoxNzcyMTI0NTYwLCJqdGkiOiI1ZDNjZTUwZDBiYzE0NDlmOGY5NWZjMjI0ZjRhNjZhZSIsInVzZXJfaWQiOiI1In0._Uffcds6WGD03j9CeUJG-33SH4BmeD64N87fcdxygBo",
    "created_at": "2026-02-26T16:49:20.506Z",
    "expires_at": "2026-03-05T16:49:20Z"
  }
},
{
  "model": "token_blacklist.outstandingtoken",
  "pk": 27,
  "fields": {
    "user": [
      "farmer@gmail.com"
    ],
    "jti": "a402e5b3e4cb4828893e72c6aa98453d",
    "token": "eyJhbGciOiJIUzI1NiIsInR5cCI6IkpXVCJ9.eyJ0b2tlbl90eXBlIjoicmVmcmVzaCIsImV4cCI6MTc3MjcyOTc5MSwiaWF0IjoxNzcyMTI0OTkxLCJqdGkiOiJhNDAyZTViM2U0Y2I0ODI4ODkzZTcyYzZhYTk4NDUzZCIsInVzZXJfaWQiOiI1In0.qhGVfbpepP5dbMfpzLuXs_3MLqXvGV933nhRNOxOLbo",
    "created_at": "2026-02-26T16:56:31.782Z",
    "expires_at": "2026-03-05T16:56:31Z"
  }
},
{
  "model": "token_blacklist.outstandingtoken",
  "pk": 28,
  "fields": {
    "user": [
      "admin@gmail.com"
    ],
    "jti": "0776dd4dc8194a00a789f2c5abc59739",
    "token": "eyJhbGciOiJIUzI1NiIsInR5cCI6IkpXVCJ9.eyJ0b2tlbl90eXBlIjoicmVmcmVzaCIsImV4cCI6MTc3MjcyOTc5NSwiaWF0IjoxNzcyMTI0OTk1LCJqdGkiOiIwNzc2ZGQ0ZGM4MTk0YTAwYTc4OWYyYzVhYmM1OTczOSIsInVzZXJfaWQiOiIxIn0.2Ts1bhX2uQ-FE73_vSdSa6OznI9ss8HHuU8uxDfMIpo",
    "created_at": "2026-02-26T16:56:35.977Z",
    "expires_at": "2026-03-05T16:56:35Z"
  }
},
{
  "model": "token_blacklist.outstandingtoken",
  "pk": 29,
  "fields": {
    "user": [
      "admin@gmail.com"
    ],
    "jti": "689cf8accc084e9c9b3e0888df0d24e5",
    "token": "eyJhbGciOiJIUzI1NiIsInR5cCI6IkpXVCJ9.eyJ0b2tlbl90eXBlIjoicmVmcmVzaCIsImV4cCI6MTc3MjcyOTgzMywiaWF0IjoxNzcyMTI1MDMzLCJqdGkiOiI2ODljZjhhY2NjMDg0ZTljOWIzZTA4ODhkZjBkMjRlNSIsInVzZXJfaWQiOiIxIn0.mfI-0jGU1EsUjXvOvQ3whL_atqqxZeByF21UDuPiJZI",
    "created_at": "2026-02-26T16:57:13.013Z",
    "expires_at": "2026-03-05T16:57:13Z"
  }
},
{
  "model": "token_blacklist.outstandingtoken",
  "pk": 30,
  "fields": {
    "user": [
      "admin@gmail.com"
    ],
    "jti": "59765cd6733648e5b9e71a618b791ab8",
    "token": "eyJhbGciOiJIUzI1NiIsInR5cCI6IkpXVCJ9.eyJ0b2tlbl90eXBlIjoicmVmcmVzaCIsImV4cCI6MTc3MjczMDMwNSwiaWF0IjoxNzcyMTI1NTA1LCJqdGkiOiI1OTc2NWNkNjczMzY0OGU1YjllNzFhNjE4Yjc5MWFiOCIsInVzZXJfaWQiOiIxIn0.RAnVU2p7wlkJOauDGl8uy8lrFfFiPOsN--3MggER68k",
    "created_at": "2026-02-26T17:05:05.728Z",
    "expires_at": "2026-03-05T17:05:05Z"
  }
},
{
  "model": "token_blacklist.outstandingtoken",
  "pk": 31,
  "fields": {
    "user": [
      "farmer@gmail.com"
    ],
    "jti": "1b0d32b0b9f44b27883734a86fa1558f",
    "token": "eyJhbGciOiJIUzI1NiIsInR5cCI6IkpXVCJ9.eyJ0b2tlbl90eXBlIjoicmVmcmVzaCIsImV4cCI6MTc3MjczMDQ2NywiaWF0IjoxNzcyMTI1NjY3LCJqdGkiOiIxYjBkMzJiMGI5ZjQ0YjI3ODgzNzM0YTg2ZmExNTU4ZiIsInVzZXJfaWQiOiI1In0.x_r6kh6CXS6_DKKJWI3Lr5aINfdlHUsrjzCSw_h9Li0",
    "created_at": "2026-02-26T17:07:47.059Z",
    "expires_at": "2026-03-05T17:07:47Z"
  }
},
{
  "model": "token_blacklist.outstandingtoken",
  "pk": 32,
  "fields": {
    "user": [
      "farmer@gmail.com"
    ],
    "jti": "12b568c5525f4fd6b1a3faa9ee072a8e",
    "token": "eyJhbGciOiJIUzI1NiIsInR5cCI6IkpXVCJ9.eyJ0b2tlbl90eXBlIjoicmVmcmVzaCIsImV4cCI6MTc3MjczMDQ3NiwiaWF0IjoxNzcyMTI1Njc2LCJqdGkiOiIxMmI1NjhjNTUyNWY0ZmQ2YjFhM2ZhYTllZTA3MmE4ZSIsInVzZXJfaWQiOiI1In0.pLr12Rxj_uw2D0Ql2ijr036Xy7OXfxr2vEV1R-jJC5Q",
    "created_at": "2026-02-26T17:07:56.016Z",
    "expires_at": "2026-03-05T17:07:56Z"
  }
},
{
  "model": "token_blacklist.outstandingtoken",
  "pk": 33,
  "fields": {
    "user": [
      "admin@gmail.com"
    ],
    "jti": "433fd328f1294c8f84cddeb7d37653dc",
    "token": "eyJhbGciOiJIUzI1NiIsInR5cCI6IkpXVCJ9.eyJ0b2tlbl90eXBlIjoicmVmcmVzaCIsImV4cCI6MTc3MjczMTcwMiwiaWF0IjoxNzcyMTI2OTAyLCJqdGkiOiI0MzNmZDMyOGYxMjk0YzhmODRjZGRlYjdkMzc2NTNkYyIsInVzZXJfaWQiOiIxIn0.UKRIf78vr0njpxQsnXWGiCXvFRx_tBC5dJAgMFeQrS4",
    "created_at": "2026-02-26T17:28:22.116Z",
    "expires_at": "2026-03-05T17:28:22Z"
  }
},
{
  "model": "token_blacklist.outstandingtoken",
  "pk": 34,
  "fields": {
    "user": [
      "customer@gmail.com"
    ],
    "jti": "b086a60522924edd8952d38abc3aa03b",
    "token": "eyJhbGciOiJIUzI1NiIsInR5cCI6IkpXVCJ9.eyJ0b2tlbl90eXBlIjoicmVmcmVzaCIsImV4cCI6MTc3MjczNDE5OCwiaWF0IjoxNzcyMTI5Mzk4LCJqdGkiOiJiMDg2YTYwNTIyOTI0ZWRkODk1MmQzOGFiYzNhYTAzYiIsInVzZXJfaWQiOiI0In0.0dOLVYG0MIpukgevhsRY-C0xy8vhxL3rkJJU_n6ONrQ",
    "created_at": "2026-02-26T18:09:58.568Z",
    "expires_at": "2026-03-05T18:09:58Z"
  }
},
{
  "model": "token_blacklist.outstandingtoken",
  "pk": 35,
  "fields": {
    "user": [
      "customer@gmail.com"
    ],
    "jti": "33ed95f646aa42cf92496df39042354c",
    "token": "eyJhbGciOiJIUzI1NiIsInR5cCI6IkpXVCJ9.eyJ0b2tlbl90eXBlIjoicmVmcmVzaCIsImV4cCI6MTc3MjczNDM3OSwiaWF0IjoxNzcyMTI5NTc5LCJqdGkiOiIzM2VkOTVmNjQ2YWE0MmNmOTI0OTZkZjM5MDQyMzU0YyIsInVzZXJfaWQiOiI0In0.PxK6Jxun-vDfGEpAyJbbywLlRYh1TUuTV1fpwypARYQ",
    "created_at": "2026-02-26T18:12:59.087Z",
    "expires_at": "2026-03-05T18:12:59Z"
  }
},
{
  "model": "token_blacklist.outstandingtoken",
  "pk": 36,
  "fields": {
    "user": [
      "admin@gmail.com"
    ],
    "jti": "b65ae44363ed4b60bf9418c504a5ec91",
    "token": "eyJhbGciOiJIUzI1NiIsInR5cCI6IkpXVCJ9.eyJ0b2tlbl90eXBlIjoicmVmcmVzaCIsImV4cCI6MTc3MjczNDQxNiwiaWF0IjoxNzcyMTI5NjE2LCJqdGkiOiJiNjVhZTQ0MzYzZWQ0YjYwYmY5NDE4YzUwNGE1ZWM5MSIsInVzZXJfaWQiOiIxIn0.L50NVLQG1llDu1cTI7W8Vkj8C_R6De3sOrLT49r_xoo",
    "created_at": "2026-02-26T18:13:36.647Z",
    "expires_at": "2026-03-05T18:13:36Z"
  }
},
{
  "model": "token_blacklist.outstandingtoken",
  "pk": 37,
  "fields": {
    "user": [
      "customer@gmail.com"
    ],
    "jti": "66557cd902af461ebb582fb4fe421fae",
    "token": "eyJhbGciOiJIUzI1NiIsInR5cCI6IkpXVCJ9.eyJ0b2tlbl90eXBlIjoicmVmcmVzaCIsImV4cCI6MTc3MjczNTc3NSwiaWF0IjoxNzcyMTMwOTc1LCJqdGkiOiI2NjU1N2NkOTAyYWY0NjFlYmI1ODJmYjRmZTQyMWZhZSIsInVzZXJfaWQiOiI0In0.mCGAghdPul3st4_JqNovTCswy-PdH9xfhzdhy_YhqA8",
    "created_at": "2026-02-26T18:36:15.111Z",
    "expires_at": "2026-03-05T18:36:15Z"
  }
},
{
  "model": "token_blacklist.outstandingtoken",
  "pk": 38,
  "fields": {
    "user": [
      "farmer1@gmail.com"
    ],
    "jti": "b5bc65c823b6403096e4b7b0e5aa1f28",
    "token": "eyJhbGciOiJIUzI1NiIsInR5cCI6IkpXVCJ9.eyJ0b2tlbl90eXBlIjoicmVmcmVzaCIsImV4cCI6MTc3Mjc5NDgxNiwiaWF0IjoxNzcyMTkwMDE2LCJqdGkiOiJiNWJjNjVjODIzYjY0MDMwOTZlNGI3YjBlNWFhMWYyOCIsInVzZXJfaWQiOiIyIn0.t7kB-2nBGx44IqHbZejg3_YnSsSQ578NMMrEUYlGYcQ",
    "created_at": "2026-02-27T11:00:16.095Z",
    "expires_at": "2026-03-06T11:00:16Z"
  }
},
{
  "model": "token_blacklist.outstandingtoken",
  "pk": 39,
  "fields": {
    "user": [
      "Consumer@gmail.com"
    ],
    "jti": "c415cfaa3c104a829cd11dae6632174f",
    "token": "eyJhbGciOiJIUzI1NiIsInR5cCI6IkpXVCJ9.eyJ0b2tlbl90eXBlIjoicmVmcmVzaCIsImV4cCI6MTc3Mjc5NDg2OCwiaWF0IjoxNzcyMTkwMDY4LCJqdGkiOiJjNDE1Y2ZhYTNjMTA0YTgyOWNkMTFkYWU2NjMyMTc0ZiIsInVzZXJfaWQiOiIzIn0.TiAiW5MrICe2fph76Iw2w59m2ZshywKH_6WQYt0lb9I",
    "created_at": "2026-02-27T11:01:08.542Z",
    "expires_at": "2026-03-06T11:01:08Z"
  }
},
{
  "model": "token_blacklist.outstandingtoken",
  "pk": 40,
  "fields": {
    "user": [
      "admin@gmail.com"
    ],
    "jti": "97abe5c80e194a3fa27df5c0726ec63a",
    "token": "eyJhbGciOiJIUzI1NiIsInR5cCI6IkpXVCJ9.eyJ0b2tlbl90eXBlIjoicmVmcmVzaCIsImV4cCI6MTc3Mjc5NDkzMywiaWF0IjoxNzcyMTkwMTMzLCJqdGkiOiI5N2FiZTVjODBlMTk0YTNmYTI3ZGY1YzA3MjZlYzYzYSIsInVzZXJfaWQiOiIxIn0.cqiM_BkFYkXtLqXAuNTm1oRAOqCCLYTix3zd4_o7Ec0",
    "created_at": "2026-02-27T11:02:13.154Z",
    "expires_at": "2026-03-06T11:02:13Z"
  }
},
{
  "model": "token_blacklist.outstandingtoken",
  "pk": 41,
  "fields": {
    "user": [
      "admin@gmail.com"
    ],
    "jti": "80a3a3af8b244493aace092248d715c9",
    "token": "eyJhbGciOiJIUzI1NiIsInR5cCI6IkpXVCJ9.eyJ0b2tlbl90eXBlIjoicmVmcmVzaCIsImV4cCI6MTc3Mjc5NTI5OCwiaWF0IjoxNzcyMTkwNDk4LCJqdGkiOiI4MGEzYTNhZjhiMjQ0NDkzYWFjZTA5MjI0OGQ3MTVjOSIsInVzZXJfaWQiOiIxIn0.Awab34skCWl_fO90-4e3jUMIJjToWt8ewmUbLZotWV4",
    "created_at": "2026-02-27T11:08:18.953Z",
    "expires_at": "2026-03-06T11:08:18Z"
  }
},
{
  "model": "token_blacklist.outstandingtoken",
  "pk": 42,
  "fields": {
    "user": [
      "delivery1@agro.com"
    ],
    "jti": "2ae002295df840c59f145fb28c229eb1",
    "token": "eyJhbGciOiJIUzI1NiIsInR5cCI6IkpXVCJ9.eyJ0b2tlbl90eXBlIjoicmVmcmVzaCIsImV4cCI6MTc3Mjc5Njc5NiwiaWF0IjoxNzcyMTkxOTk2LCJqdGkiOiIyYWUwMDIyOTVkZjg0MGM1OWYxNDVmYjI4YzIyOWViMSIsInVzZXJfaWQiOiI3In0.WRXQRriQaG7b-FghF_Lmrtxy5jPKxWg53stdbMJV9Yw",
    "created_at": "2026-02-27T11:33:16.523Z",
    "expires_at": "2026-03-06T11:33:16Z"
  }
},
{
  "model": "token_blacklist.outstandingtoken",
  "pk": 43,
  "fields": {
    "user": [
      "consumer1@agro.com"
    ],
    "jti": "a8ebf53b1cf548b3b5e1c3dcd48abe9b",
    "token": "eyJhbGciOiJIUzI1NiIsInR5cCI6IkpXVCJ9.eyJ0b2tlbl90eXBlIjoicmVmcmVzaCIsImV4cCI6MTc3Mjc5NjkzMiwiaWF0IjoxNzcyMTkyMTMyLCJqdGkiOiJhOGViZjUzYjFjZjU0OGIzYjVlMWMzZGNkNDhhYmU5YiIsInVzZXJfaWQiOiI4In0.6y2D4nY-d0TmC9mXZZPsRV27swvIFWdDW07Oub1jzfA",
    "created_at": "2026-02-27T11:35:32.402Z",
    "expires_at": "2026-03-06T11:35:32Z"
  }
},
{
  "model": "token_blacklist.outstandingtoken",
  "pk": 44,
  "fields": {
    "user": [
      "delivery1@agro.com"
    ],
    "jti": "495b19f43006401d8c62a147c73075b4",
    "token": "eyJhbGciOiJIUzI1NiIsInR5cCI6IkpXVCJ9.eyJ0b2tlbl90eXBlIjoicmVmcmVzaCIsImV4cCI6MTc3Mjc5NzI3MCwiaWF0IjoxNzcyMTkyNDcwLCJqdGkiOiI0OTViMTlmNDMwMDY0MDFkOGM2MmExNDdjNzMwNzViNCIsInVzZXJfaWQiOiI3In0.Nzqafdy7kE2WCVHb-DpklEs-S07NnvjUaI3jXcSTc9E",
    "created_at": "2026-02-27T11:41:10.337Z",
    "expires_at": "2026-03-06T11:41:10Z"
  }
},
{
  "model": "token_blacklist.outstandingtoken",
  "pk": 45,
  "fields": {
    "user": [
      "delivery1@agro.com"
    ],
    "jti": "2038371ba8a341de9d4b2c782e14bb2f",
    "token": "eyJhbGciOiJIUzI1NiIsInR5cCI6IkpXVCJ9.eyJ0b2tlbl90eXBlIjoicmVmcmVzaCIsImV4cCI6MTc3Mjc5NzU5MSwiaWF0IjoxNzcyMTkyNzkxLCJqdGkiOiIyMDM4MzcxYmE4YTM0MWRlOWQ0YjJjNzgyZTE0YmIyZiIsInVzZXJfaWQiOiI3In0.QqnqUUMsVBbGBYDYT--j5wKh27KA1lK9glFZb4me-DE",
    "created_at": "2026-02-27T11:46:31.595Z",
    "expires_at": "2026-03-06T11:46:31Z"
  }
},
{
  "model": "token_blacklist.outstandingtoken",
  "pk": 46,
  "fields": {
    "user": [
      "delivery2@agro.com"
    ],
    "jti": "adea2dbc51ff434087f2223026dea7f0",
    "token": "eyJhbGciOiJIUzI1NiIsInR5cCI6IkpXVCJ9.eyJ0b2tlbl90eXBlIjoicmVmcmVzaCIsImV4cCI6MTc3Mjc5Nzk2MiwiaWF0IjoxNzcyMTkzMTYyLCJqdGkiOiJhZGVhMmRiYzUxZmY0MzQwODdmMjIyMzAyNmRlYTdmMCIsInVzZXJfaWQiOiI5In0.odYGAFyWWI7rH0Dlr6QOjQYk0w57JyY1WWhMJfVMseo",
    "created_at": "2026-02-27T11:52:42Z",
    "expires_at": "2026-03-06T11:52:42Z"
  }
},
{
  "model": "token_blacklist.outstandingtoken",
  "pk": 47,
  "fields": {
    "user": [
      "Consumer@gmail.com"
    ],
    "jti": "eae9c73ac8f64c248f93d18abc990edb",
    "token": "eyJhbGciOiJIUzI1NiIsInR5cCI6IkpXVCJ9.eyJ0b2tlbl90eXBlIjoicmVmcmVzaCIsImV4cCI6MTc3Mjc5Nzk3OCwiaWF0IjoxNzcyMTkzMTc4LCJqdGkiOiJlYWU5YzczYWM4ZjY0YzI0OGY5M2QxOGFiYzk5MGVkYiIsInVzZXJfaWQiOiIzIn0.H4rQu-HvQAOMcgPSBul30pJfX7aI9A-qVxA4BFnwo0w",
    "created_at": "2026-02-27T11:52:58.987Z",
    "expires_at": "2026-03-06T11:52:58Z"
  }
},
{
  "model": "token_blacklist.outstandingtoken",
  "pk": 48,
  "fields": {
    "user": [
      "customer@gmail.com"
    ],
    "jti": "fac44dfd80a442bb83f1cbc4d45d2fd1",
    "token": "eyJhbGciOiJIUzI1NiIsInR5cCI6IkpXVCJ9.eyJ0b2tlbl90eXBlIjoicmVmcmVzaCIsImV4cCI6MTc3Mjc5ODU2NiwiaWF0IjoxNzcyMTkzNzY2LCJqdGkiOiJmYWM0NGRmZDgwYTQ0MmJiODNmMWNiYzRkNDVkMmZkMSIsInVzZXJfaWQiOiI0In0.gWGwOtha98NoaKpLMyNdTw05_Aeom2flAl8ZnZuMirk",
    "created_at": "2026-02-27T12:02:46.518Z",
    "expires_at": "2026-03-06T12:02:46Z"
  }
},
{
  "model": "token_blacklist.outstandingtoken",
  "pk": 49,
  "fields": {
    "user": [
      "customer@gmail.com"
    ],
    "jti": "4712b981ef0645beb3ed7fc0856936c8",
    "token": "eyJhbGciOiJIUzI1NiIsInR5cCI6IkpXVCJ9.eyJ0b2tlbl90eXBlIjoicmVmcmVzaCIsImV4cCI6MTc3MjgwMDU4MiwiaWF0IjoxNzcyMTk1NzgyLCJqdGkiOiI0NzEyYjk4MWVmMDY0NWJlYjNlZDdmYzA4NTY5MzZjOCIsInVzZXJfaWQiOiI0In0.7BiwuXC6O6UqR-cL5CaRRsoyS_Qg2Xt_pzNeM7V5OpU",
    "created_at": "2026-02-27T12:36:22.505Z",
    "expires_at": "2026-03-06T12:36:22Z"
  }
},
{
  "model": "token_blacklist.outstandingtoken",
  "pk": 50,
  "fields": {
    "user": [
      "customer@gmail.com"
    ],
    "jti": "83eec286056d452583ac8bd08f5e367c",
    "token": "eyJhbGciOiJIUzI1NiIsInR5cCI6IkpXVCJ9.eyJ0b2tlbl90eXBlIjoicmVmcmVzaCIsImV4cCI6MTc3MjgwNTE1MCwiaWF0IjoxNzcyMjAwMzUwLCJqdGkiOiI4M2VlYzI4NjA1NmQ0NTI1ODNhYzhiZDA4ZjVlMzY3YyIsInVzZXJfaWQiOiI0In0.__CenrKtuknqr16sFMlFITqs7ah2fGv4q65X420XTGM",
    "created_at": "2026-02-27T13:52:30.334Z",
    "expires_at": "2026-03-06T13:52:30Z"
  }
},
{
  "model": "token_blacklist.outstandingtoken",
  "pk": 51,
  "fields": {
    "user": [
      "customer@gmail.com"
    ],
    "jti": "47c1ff71c4b142ea878b64bb4451919d",
    "token": "eyJhbGciOiJIUzI1NiIsInR5cCI6IkpXVCJ9.eyJ0b2tlbl90eXBlIjoicmVmcmVzaCIsImV4cCI6MTc3MjgxMTQxNCwiaWF0IjoxNzcyMjA2NjE0LCJqdGkiOiI0N2MxZmY3MWM0YjE0MmVhODc4YjY0YmI0NDUxOTE5ZCIsInVzZXJfaWQiOiI0In0.s3EirWFEV-kU1qX4CJXc6dY_iE8wBk8e8ixvqbkw5es",
    "created_at": "2026-02-27T15:36:54.037Z",
    "expires_at": "2026-03-06T15:36:54Z"
  }
},
{
  "model": "token_blacklist.outstandingtoken",
  "pk": 52,
  "fields": {
    "user": [
      "customer@gmail.com"
    ],
    "jti": "881df60727504bdc8eddac215b26ec21",
    "token": "eyJhbGciOiJIUzI1NiIsInR5cCI6IkpXVCJ9.eyJ0b2tlbl90eXBlIjoicmVmcmVzaCIsImV4cCI6MTc3MjgxMjE1MCwiaWF0IjoxNzcyMjA3MzUwLCJqdGkiOiI4ODFkZjYwNzI3NTA0YmRjOGVkZGFjMjE1YjI2ZWMyMSIsInVzZXJfaWQiOiI0In0.bCsNZjGqtslvx0Aw9kpuMEpSOXI5SdPBG3MGZi_Yfe4",
    "created_at": "2026-02-27T15:49:10.089Z",
    "expires_at": "2026-03-06T15:49:10Z"
  }
},
{
  "model": "token_blacklist.outstandingtoken",
  "pk": 53,
  "fields": {
    "user": [
      "customer@gmail.com"
    ],
    "jti": "e0fd6dab0b024f7592c91daf074f051c",
    "token": "eyJhbGciOiJIUzI1NiIsInR5cCI6IkpXVCJ9.eyJ0b2tlbl90eXBlIjoicmVmcmVzaCIsImV4cCI6MTc3MjgxMjkyNSwiaWF0IjoxNzcyMjA4MTI1LCJqdGkiOiJlMGZkNmRhYjBiMDI0Zjc1OTJjOTFkYWYwNzRmMDUxYyIsInVzZXJfaWQiOiI0In0._05erGBKATN2LxjEnw0y4NY-x2OKH37qIahZphSXQnk",
    "created_at": "2026-02-27T16:02:05.673Z",
    "expires_at": "2026-03-06T16:02:05Z"
  }
},
{
  "model": "token_blacklist.outstandingtoken",
  "pk": 54,
  "fields": {
    "user": null,
    "jti": "09c9fdc4ee334f9cbc51a40d29ae238d",
    "token": "eyJhbGciOiJIUzI1NiIsInR5cCI6IkpXVCJ9.eyJ0b2tlbl90eXBlIjoicmVmcmVzaCIsImV4cCI6MTc3MjgxMzM1MCwiaWF0IjoxNzcyMjA4NTUwLCJqdGkiOiIwOWM5ZmRjNGVlMzM0ZjljYmM1MWE0MGQyOWFlMjM4ZCIsInVzZXJfaWQiOiIxMCJ9.XAKEWm95MLtfeJaOJQ_KwVMHlLBBBYV3F6oMKeY1Kbo",
    "created_at": "2026-02-27T16:09:10.950Z",
    "expires_at": "2026-03-06T16:09:10Z"
  }
},
{
  "model": "token_blacklist.outstandingtoken",
  "pk": 55,
  "fields": {
    "user": null,
    "jti": "2c94280e59b345edb108ddc9ae0a0696",
    "token": "eyJhbGciOiJIUzI1NiIsInR5cCI6IkpXVCJ9.eyJ0b2tlbl90eXBlIjoicmVmcmVzaCIsImV4cCI6MTc3MjgxMzQ2MCwiaWF0IjoxNzcyMjA4NjYwLCJqdGkiOiIyYzk0MjgwZTU5YjM0NWVkYjEwOGRkYzlhZTBhMDY5NiIsInVzZXJfaWQiOiIxMCJ9.hO8uE6a_9RlQkity9kBl4ccK9RpHLNjZXpkJMinH1Fs",
    "created_at": "2026-02-27T16:11:00.738Z",
    "expires_at": "2026-03-06T16:11:00Z"
  }
},
{
  "model": "token_blacklist.outstandingtoken",
  "pk": 56,
  "fields": {
    "user": [
      "farmer@gmail.com"
    ],
    "jti": "bf39cd1cff0b438cbcba3b9762bdf59b",
    "token": "eyJhbGciOiJIUzI1NiIsInR5cCI6IkpXVCJ9.eyJ0b2tlbl90eXBlIjoicmVmcmVzaCIsImV4cCI6MTc3MjgxMzQ3NSwiaWF0IjoxNzcyMjA4Njc1LCJqdGkiOiJiZjM5Y2QxY2ZmMGI0MzhjYmNiYTNiOTc2MmJkZjU5YiIsInVzZXJfaWQiOiI1In0.TFQHrJTPIQ4ckVxE4Vp26WL6yo5aMv8Mz3Jc-0ieADU",
    "created_at": "2026-02-27T16:11:15.029Z",
    "expires_at": "2026-03-06T16:11:15Z"
  }
},
{
  "model": "token_blacklist.outstandingtoken",
  "pk": 57,
  "fields": {
    "user": [
      "customer@gmail.com"
    ],
    "jti": "5eb605374e5044169dd5d57acce3ad53",
    "token": "eyJhbGciOiJIUzI1NiIsInR5cCI6IkpXVCJ9.eyJ0b2tlbl90eXBlIjoicmVmcmVzaCIsImV4cCI6MTc3MjgxMzYxNSwiaWF0IjoxNzcyMjA4ODE1LCJqdGkiOiI1ZWI2MDUzNzRlNTA0NDE2OWRkNWQ1N2FjY2UzYWQ1MyIsInVzZXJfaWQiOiI0In0._HgT1ByCg6sRkka9dTcCfqwE5MeUg_sfB7v6SGcvgro",
    "created_at": "2026-02-27T16:13:35.409Z",
    "expires_at": "2026-03-06T16:13:35Z"
  }
},
{
  "model": "token_blacklist.outstandingtoken",
  "pk": 58,
  "fields": {
    "user": [
      "admin@gmail.com"
    ],
    "jti": "79d77a35471c4c1bad8df803c7a7a4f3",
    "token": "eyJhbGciOiJIUzI1NiIsInR5cCI6IkpXVCJ9.eyJ0b2tlbl90eXBlIjoicmVmcmVzaCIsImV4cCI6MTc3MjgxMzY1NywiaWF0IjoxNzcyMjA4ODU3LCJqdGkiOiI3OWQ3N2EzNTQ3MWM0YzFiYWQ4ZGY4MDNjN2E3YTRmMyIsInVzZXJfaWQiOiIxIn0.r4KEuZ9kweLuaXQdHVISg4QS9mbNheDVwRs-qoZtqmI",
    "created_at": "2026-02-27T16:14:17.934Z",
    "expires_at": "2026-03-06T16:14:17Z"
  }
},
{
  "model": "token_blacklist.outstandingtoken",
  "pk": 59,
  "fields": {
    "user": [
      "admin@gmail.com"
    ],
    "jti": "5edf660374594bfca0e98265bc59641b",
    "token": "eyJhbGciOiJIUzI1NiIsInR5cCI6IkpXVCJ9.eyJ0b2tlbl90eXBlIjoicmVmcmVzaCIsImV4cCI6MTc3MjgxMzY2MywiaWF0IjoxNzcyMjA4ODYzLCJqdGkiOiI1ZWRmNjYwMzc0NTk0YmZjYTBlOTgyNjViYzU5NjQxYiIsInVzZXJfaWQiOiIxIn0.RMSOieW9SiLxtGZAlHnGHJ5VOa38eBTQQRmr9jzvY64",
    "created_at": "2026-02-27T16:14:23.956Z",
    "expires_at": "2026-03-06T16:14:23Z"
  }
},
{
  "model": "token_blacklist.outstandingtoken",
  "pk": 60,
  "fields": {
    "user": [
      "admin@gmail.com"
    ],
    "jti": "256343c4fe5c4e348e33938a89f16809",
    "token": "eyJhbGciOiJIUzI1NiIsInR5cCI6IkpXVCJ9.eyJ0b2tlbl90eXBlIjoicmVmcmVzaCIsImV4cCI6MTc3MjgxNDEwMSwiaWF0IjoxNzcyMjA5MzAxLCJqdGkiOiIyNTYzNDNjNGZlNWM0ZTM0OGUzMzkzOGE4OWYxNjgwOSIsInVzZXJfaWQiOiIxIn0.JmVd9HEg_3PHYtN2PEhppmZM9N7bVVfSDELg882AMLg",
    "created_at": "2026-02-27T16:21:41.556Z",
    "expires_at": "2026-03-06T16:21:41Z"
  }
},
{
  "model": "token_blacklist.outstandingtoken",
  "pk": 61,
  "fields": {
    "user": [
      "admin@gmail.com"
    ],
    "jti": "abc17bc65f7146a98dff35286fc34e50",
    "token": "eyJhbGciOiJIUzI1NiIsInR5cCI6IkpXVCJ9.eyJ0b2tlbl90eXBlIjoicmVmcmVzaCIsImV4cCI6MTc3MjgxNDQzOCwiaWF0IjoxNzcyMjA5NjM4LCJqdGkiOiJhYmMxN2JjNjVmNzE0NmE5OGRmZjM1Mjg2ZmMzNGU1MCIsInVzZXJfaWQiOiIxIn0.G3TfVmvJusAZ9I5miFE5HaYAEGhC01mRySM6Sw6axaQ",
    "created_at": "2026-02-27T16:27:18.269Z",
    "expires_at": "2026-03-06T16:27:18Z"
  }
},
{
  "model": "token_blacklist.outstandingtoken",
  "pk": 62,
  "fields": {
    "user": [
      "farmer1@gmail.com"
    ],
    "jti": "31a370655ec8433b8b71ead0a9161fb6",
    "token": "eyJhbGciOiJIUzI1NiIsInR5cCI6IkpXVCJ9.eyJ0b2tlbl90eXBlIjoicmVmcmVzaCIsImV4cCI6MTc3MjgxNDU5NywiaWF0IjoxNzcyMjA5Nzk3LCJqdGkiOiIzMWEzNzA2NTVlYzg0MzNiOGI3MWVhZDBhOTE2MWZiNiIsInVzZXJfaWQiOiIyIn0.qp6QN4dIvthYdoyTcqx1R9Bgpq6-G6NxmbrHr-h56f4",
    "created_at": "2026-02-27T16:29:57.491Z",
    "expires_at": "2026-03-06T16:29:57Z"
  }
},
{
  "model": "token_blacklist.outstandingtoken",
  "pk": 63,
  "fields": {
    "user": [
      "admin@gmail.com"
    ],
    "jti": "386530115ff844bf8df2175263d77518",
    "token": "eyJhbGciOiJIUzI1NiIsInR5cCI6IkpXVCJ9.eyJ0b2tlbl90eXBlIjoicmVmcmVzaCIsImV4cCI6MTc3MjgxNDk0MywiaWF0IjoxNzcyMjEwMTQzLCJqdGkiOiIzODY1MzAxMTVmZjg0NGJmOGRmMjE3NTI2M2Q3NzUxOCIsInVzZXJfaWQiOiIxIn0.7WrIBL7I9Kp3jgkJGkgCnHYjLwVjrGzsmOtl6Mvf_Ks",
    "created_at": "2026-02-27T16:35:43.271Z",
    "expires_at": "2026-03-06T16:35:43Z"
  }
},
{
  "model": "token_blacklist.outstandingtoken",
  "pk": 64,
  "fields": {
    "user": [
      "admin@gmail.com"
    ],
    "jti": "54fe747486df41d1a21c1820f54c203f",
    "token": "eyJhbGciOiJIUzI1NiIsInR5cCI6IkpXVCJ9.eyJ0b2tlbl90eXBlIjoicmVmcmVzaCIsImV4cCI6MTc3MjgxNjQ4NiwiaWF0IjoxNzcyMjExNjg2LCJqdGkiOiI1NGZlNzQ3NDg2ZGY0MWQxYTIxYzE4MjBmNTRjMjAzZiIsInVzZXJfaWQiOiIxIn0.3XogtxBchq01y8CXTakzE2AXakea4SEd0LVPpNMYLBs",
    "created_at": "2026-02-27T17:01:26.590Z",
    "expires_at": "2026-03-06T17:01:26Z"
  }
},
{
  "model": "token_blacklist.outstandingtoken",
  "pk": 65,
  "fields": {
    "user": null,
    "jti": "7a6c0f0d335f4d579695b7d7c0949a71",
    "token": "eyJhbGciOiJIUzI1NiIsInR5cCI6IkpXVCJ9.eyJ0b2tlbl90eXBlIjoicmVmcmVzaCIsImV4cCI6MTc3MjgxNjY0MSwiaWF0IjoxNzcyMjExODQxLCJqdGkiOiI3YTZjMGYwZDMzNWY0ZDU3OTY5NWI3ZDdjMDk0OWE3MSIsInVzZXJfaWQiOiIxMCJ9.qq2vDssBqMxVEvE0ZZX88a3HB8Z1oSB5JQQIZ-o4Kl0",
    "created_at": "2026-02-27T17:04:01.223Z",
    "expires_at": "2026-03-06T17:04:01Z"
  }
},
{
  "model": "token_blacklist.outstandingtoken",
  "pk": 66,
  "fields": {
    "user": [
      "admin@gmail.com"
    ],
    "jti": "62a584e26680482f83695e5a88b2745c",
    "token": "eyJhbGciOiJIUzI1NiIsInR5cCI6IkpXVCJ9.eyJ0b2tlbl90eXBlIjoicmVmcmVzaCIsImV4cCI6MTc3MjgxNjgxOCwiaWF0IjoxNzcyMjEyMDE4LCJqdGkiOiI2MmE1ODRlMjY2ODA0ODJmODM2OTVlNWE4OGIyNzQ1YyIsInVzZXJfaWQiOiIxIn0.9bGyQ64G4ZZGyf17RniONS28jzRXOqYhvGMEh4pcSHM",
    "created_at": "2026-02-27T17:06:58.575Z",
    "expires_at": "2026-03-06T17:06:58Z"
  }
},
{
  "model": "token_blacklist.outstandingtoken",
  "pk": 67,
  "fields": {
    "user": [
      "admin@gmail.com"
    ],
    "jti": "5e304f05b7894381a737d6d0b5158878",
    "token": "eyJhbGciOiJIUzI1NiIsInR5cCI6IkpXVCJ9.eyJ0b2tlbl90eXBlIjoicmVmcmVzaCIsImV4cCI6MTc3MjgxNzE1MCwiaWF0IjoxNzcyMjEyMzUwLCJqdGkiOiI1ZTMwNGYwNWI3ODk0MzgxYTczN2Q2ZDBiNTE1ODg3OCIsInVzZXJfaWQiOiIxIn0.RPcn2U2aEUnbjLXvmv-CElifTAwoGAVK_3a2hXcKc5s",
    "created_at": "2026-02-27T17:12:30.198Z",
    "expires_at": "2026-03-06T17:12:30Z"
  }
},
{
  "model": "token_blacklist.outstandingtoken",
  "pk": 68,
  "fields": {
    "user": null,
    "jti": "36d1f681722c4b9f93aad6f0b6e64977",
    "token": "eyJhbGciOiJIUzI1NiIsInR5cCI6IkpXVCJ9.eyJ0b2tlbl90eXBlIjoicmVmcmVzaCIsImV4cCI6MTc3MjgxNzg4MCwiaWF0IjoxNzcyMjEzMDgwLCJqdGkiOiIzNmQxZjY4MTcyMmM0YjlmOTNhYWQ2ZjBiNmU2NDk3NyIsInVzZXJfaWQiOiIxMCJ9.P04uuluHlz1mR2HXbN4jwb_7EtyAzqF-bQpAh_8BpeE",
    "created_at": "2026-02-27T17:24:40.351Z",
    "expires_at": "2026-03-06T17:24:40Z"
  }
},
{
  "model": "token_blacklist.outstandingtoken",
  "pk": 69,
  "fields": {
    "user": [
      "admin@gmail.com"
    ],
    "jti": "1c189072efaf464391b8a1aa3601fd4b",
    "token": "eyJhbGciOiJIUzI1NiIsInR5cCI6IkpXVCJ9.eyJ0b2tlbl90eXBlIjoicmVmcmVzaCIsImV4cCI6MTc3MjgxNzg5OCwiaWF0IjoxNzcyMjEzMDk4LCJqdGkiOiIxYzE4OTA3MmVmYWY0NjQzOTFiOGExYWEzNjAxZmQ0YiIsInVzZXJfaWQiOiIxIn0.K0MHlmcyv-bN8w2XLgf1Jn_X7yv7yYgzEE1bJflz7EU",
    "created_at": "2026-02-27T17:24:58.171Z",
    "expires_at": "2026-03-06T17:24:58Z"
  }
},
{
  "model": "token_blacklist.outstandingtoken",
  "pk": 70,
  "fields": {
    "user": [
      "admin@gmail.com"
    ],
    "jti": "dc39cbf1161b4297b973c7662f08dffb",
    "token": "eyJhbGciOiJIUzI1NiIsInR5cCI6IkpXVCJ9.eyJ0b2tlbl90eXBlIjoicmVmcmVzaCIsImV4cCI6MTc3MjgxODA3NSwiaWF0IjoxNzcyMjEzMjc1LCJqdGkiOiJkYzM5Y2JmMTE2MWI0Mjk3Yjk3M2M3NjYyZjA4ZGZmYiIsInVzZXJfaWQiOiIxIn0.HYCx7odUH9K10qNdf5o3EikVOVrzpR-sNiUy9DTLIho",
    "created_at": "2026-02-27T17:27:55.227Z",
    "expires_at": "2026-03-06T17:27:55Z"
  }
},
{
  "model": "token_blacklist.outstandingtoken",
  "pk": 71,
  "fields": {
    "user": [
      "delivery1@agro.com"
    ],
    "jti": "c901347092944b5b9bc3ae5bf41d5e19",
    "token": "eyJhbGciOiJIUzI1NiIsInR5cCI6IkpXVCJ9.eyJ0b2tlbl90eXBlIjoicmVmcmVzaCIsImV4cCI6MTc3MjgxODYwMiwiaWF0IjoxNzcyMjEzODAyLCJqdGkiOiJjOTAxMzQ3MDkyOTQ0YjViOWJjM2FlNWJmNDFkNWUxOSIsInVzZXJfaWQiOiI3In0.FP_uYN3mUArV9CRF3pyjXv2qRVabVO4gY-6j8P3-b1c",
    "created_at": "2026-02-27T17:36:42.797Z",
    "expires_at": "2026-03-06T17:36:42Z"
  }
},
{
  "model": "token_blacklist.outstandingtoken",
  "pk": 72,
  "fields": {
    "user": [
      "delivery1@agro.com"
    ],
    "jti": "588edef676064207a214e0c747ba09d2",
    "token": "eyJhbGciOiJIUzI1NiIsInR5cCI6IkpXVCJ9.eyJ0b2tlbl90eXBlIjoicmVmcmVzaCIsImV4cCI6MTc3MjgyMDk0NiwiaWF0IjoxNzcyMjE2MTQ2LCJqdGkiOiI1ODhlZGVmNjc2MDY0MjA3YTIxNGUwYzc0N2JhMDlkMiIsInVzZXJfaWQiOiI3In0.twXalfP1WrR735XgYgTagIfSErD8UVkCkknCw0flk_s",
    "created_at": "2026-02-27T18:15:46.007Z",
    "expires_at": "2026-03-06T18:15:46Z"
  }
},
{
  "model": "token_blacklist.outstandingtoken",
  "pk": 73,
  "fields": {
    "user": [
      "delivery1@agro.com"
    ],
    "jti": "85ad985b73ca4ba18b2a08a353b72e1c",
    "token": "eyJhbGciOiJIUzI1NiIsInR5cCI6IkpXVCJ9.eyJ0b2tlbl90eXBlIjoicmVmcmVzaCIsImV4cCI6MTc3MjgyMDk1OSwiaWF0IjoxNzcyMjE2MTU5LCJqdGkiOiI4NWFkOTg1YjczY2E0YmExOGIyYTA4YTM1M2I3MmUxYyIsInVzZXJfaWQiOiI3In0.bZqGBfpv-XTe3TazTUki25D1y4bleDKev7MSupyTOW0",
    "created_at": "2026-02-27T18:15:59.337Z",
    "expires_at": "2026-03-06T18:15:59Z"
  }
},
{
  "model": "token_blacklist.outstandingtoken",
  "pk": 74,
  "fields": {
    "user": [
      "admin@gmail.com"
    ],
    "jti": "a5aaadba89f24a7aa2d79b76d1084c51",
    "token": "eyJhbGciOiJIUzI1NiIsInR5cCI6IkpXVCJ9.eyJ0b2tlbl90eXBlIjoicmVmcmVzaCIsImV4cCI6MTc3MjgyMTM1MywiaWF0IjoxNzcyMjE2NTUzLCJqdGkiOiJhNWFhYWRiYTg5ZjI0YTdhYTJkNzliNzZkMTA4NGM1MSIsInVzZXJfaWQiOiIxIn0.EoCvGoJDrD-pVo4mrLpvfsJE019T-1OiSB18g0u4arM",
    "created_at": "2026-02-27T18:22:33.127Z",
    "expires_at": "2026-03-06T18:22:33Z"
  }
},
{
  "model": "token_blacklist.outstandingtoken",
  "pk": 75,
  "fields": {
    "user": [
      "admin@gmail.com"
    ],
    "jti": "558718a2016547d1bb1d97c01b868324",
    "token": "eyJhbGciOiJIUzI1NiIsInR5cCI6IkpXVCJ9.eyJ0b2tlbl90eXBlIjoicmVmcmVzaCIsImV4cCI6MTc3MjgyMTYxNSwiaWF0IjoxNzcyMjE2ODE1LCJqdGkiOiI1NTg3MThhMjAxNjU0N2QxYmIxZDk3YzAxYjg2ODMyNCIsInVzZXJfaWQiOiIxIn0.G4eMsLSQaMrQBjaMJj12kO-sGgwJnheebIkKoHrxK4A",
    "created_at": "2026-02-27T18:26:55.314Z",
    "expires_at": "2026-03-06T18:26:55Z"
  }
},
{
  "model": "token_blacklist.outstandingtoken",
  "pk": 76,
  "fields": {
    "user": [
      "admin@gmail.com"
    ],
    "jti": "670f3597c192436cb365b1322bd4b29c",
    "token": "eyJhbGciOiJIUzI1NiIsInR5cCI6IkpXVCJ9.eyJ0b2tlbl90eXBlIjoicmVmcmVzaCIsImV4cCI6MTc3MjgyMjgxMSwiaWF0IjoxNzcyMjE4MDExLCJqdGkiOiI2NzBmMzU5N2MxOTI0MzZjYjM2NWIxMzIyYmQ0YjI5YyIsInVzZXJfaWQiOiIxIn0.-SWW7cUJ52pUFj8EHCj7krDRKpDAcTIXQLbTlIhLpz8",
    "created_at": "2026-02-27T18:46:51.672Z",
    "expires_at": "2026-03-06T18:46:51Z"
  }
},
{
  "model": "token_blacklist.outstandingtoken",
  "pk": 77,
  "fields": {
    "user": [
      "consumer1@agro.com"
    ],
    "jti": "bfdf7d421bef4981a52e2534faa32379",
    "token": "eyJhbGciOiJIUzI1NiIsInR5cCI6IkpXVCJ9.eyJ0b2tlbl90eXBlIjoicmVmcmVzaCIsImV4cCI6MTc3Mjg3NzM4MywiaWF0IjoxNzcyMjcyNTgzLCJqdGkiOiJiZmRmN2Q0MjFiZWY0OTgxYTUyZTI1MzRmYWEzMjM3OSIsInVzZXJfaWQiOiI4In0.FbUC_a5xtMzydmOx433lHnZM_cOzwB2K7Hr6YG0lBy0",
    "created_at": "2026-02-28T09:56:23.869Z",
    "expires_at": "2026-03-07T09:56:23Z"
  }
},
{
  "model": "token_blacklist.outstandingtoken",
  "pk": 78,
  "fields": {
    "user": [
      "farmer1@gmail.com"
    ],
    "jti": "0902bcb2172341c791fb2fa39783717d",
    "token": "eyJhbGciOiJIUzI1NiIsInR5cCI6IkpXVCJ9.eyJ0b2tlbl90eXBlIjoicmVmcmVzaCIsImV4cCI6MTc3Mjg3NzUzOCwiaWF0IjoxNzcyMjcyNzM4LCJqdGkiOiIwOTAyYmNiMjE3MjM0MWM3OTFmYjJmYTM5NzgzNzE3ZCIsInVzZXJfaWQiOiIyIn0.PBYu3x7V9OHccL97rBWrIJSEgmdTpmz3Gk5kh4n4v6w",
    "created_at": "2026-02-28T09:58:58.169Z",
    "expires_at": "2026-03-07T09:58:58Z"
  }
},
{
  "model": "token_blacklist.outstandingtoken",
  "pk": 79,
  "fields": {
    "user": [
      "admin@gmail.com"
    ],
    "jti": "6d0a91dfb2ae45dba4e3646485acf2f8",
    "token": "eyJhbGciOiJIUzI1NiIsInR5cCI6IkpXVCJ9.eyJ0b2tlbl90eXBlIjoicmVmcmVzaCIsImV4cCI6MTc3Mjg3NzU2NiwiaWF0IjoxNzcyMjcyNzY2LCJqdGkiOiI2ZDBhOTFkZmIyYWU0NWRiYTRlMzY0NjQ4NWFjZjJmOCIsInVzZXJfaWQiOiIxIn0.QSRRZPq9w0d8rzrmAmc2kLXpoi_Dut2nWl7Cld8SO10",
    "created_at": "2026-02-28T09:59:26.987Z",
    "expires_at": "2026-03-07T09:59:26Z"
  }
},
{
  "model": "token_blacklist.outstandingtoken",
  "pk": 80,
  "fields": {
    "user": [
      "delivery2@agro.com"
    ],
    "jti": "3d8181e7a4dd46c59f374b75943021a0",
    "token": "eyJhbGciOiJIUzI1NiIsInR5cCI6IkpXVCJ9.eyJ0b2tlbl90eXBlIjoicmVmcmVzaCIsImV4cCI6MTc3Mjg3ODAyMywiaWF0IjoxNzcyMjczMjIzLCJqdGkiOiIzZDgxODFlN2E0ZGQ0NmM1OWYzNzRiNzU5NDMwMjFhMCIsInVzZXJfaWQiOiI5In0.YsDb-2R2s_gqSXDS9-Z3WEpfmFFw3aQ-0_yGZbufwKw",
    "created_at": "2026-02-28T10:07:03.076Z",
    "expires_at": "2026-03-07T10:07:03Z"
  }
},
{
  "model": "token_blacklist.outstandingtoken",
  "pk": 81,
  "fields": {
    "user": [
      "delivery2@agro.com"
    ],
    "jti": "e72a7b3a6e094667bf3de17d67dc8cac",
    "token": "eyJhbGciOiJIUzI1NiIsInR5cCI6IkpXVCJ9.eyJ0b2tlbl90eXBlIjoicmVmcmVzaCIsImV4cCI6MTc3Mjg3ODA4OCwiaWF0IjoxNzcyMjczMjg4LCJqdGkiOiJlNzJhN2IzYTZlMDk0NjY3YmYzZGUxN2Q2N2RjOGNhYyIsInVzZXJfaWQiOiI5In0.iXpMXhhfO6JR-aIBnRT6npx59FJ8HMb4ExrvwHhXOXs",
    "created_at": "2026-02-28T10:08:08.632Z",
    "expires_at": "2026-03-07T10:08:08Z"
  }
},
{
  "model": "token_blacklist.outstandingtoken",
  "pk": 82,
  "fields": {
    "user": [
      "delivery2@agro.com"
    ],
    "jti": "3eea334fa3d242bfb58fc504f3e3541f",
    "token": "eyJhbGciOiJIUzI1NiIsInR5cCI6IkpXVCJ9.eyJ0b2tlbl90eXBlIjoicmVmcmVzaCIsImV4cCI6MTc3Mjg3ODE2MCwiaWF0IjoxNzcyMjczMzYwLCJqdGkiOiIzZWVhMzM0ZmEzZDI0MmJmYjU4ZmM1MDRmM2UzNTQxZiIsInVzZXJfaWQiOiI5In0.NbZeF8Xjwe9Llnj6Yn6TDxFijvx4SkSATJ57bbJ1MG4",
    "created_at": "2026-02-28T10:09:20.394Z",
    "expires_at": "2026-03-07T10:09:20Z"
  }
},
{
  "model": "token_blacklist.outstandingtoken",
  "pk": 83,
  "fields": {
    "user": [
      "delivery2@agro.com"
    ],
    "jti": "6e25e79b80954fcdac922152a328b6d6",
    "token": "eyJhbGciOiJIUzI1NiIsInR5cCI6IkpXVCJ9.eyJ0b2tlbl90eXBlIjoicmVmcmVzaCIsImV4cCI6MTc3Mjg3ODE2OCwiaWF0IjoxNzcyMjczMzY4LCJqdGkiOiI2ZTI1ZTc5YjgwOTU0ZmNkYWM5MjIxNTJhMzI4YjZkNiIsInVzZXJfaWQiOiI5In0.zgDZ5VNesKsDgtdQZqzY2F_IJOOX-sJbA3Ca-D0ouso",
    "created_at": "2026-02-28T10:09:28.281Z",
    "expires_at": "2026-03-07T10:09:28Z"
  }
},
{
  "model": "token_blacklist.outstandingtoken",
  "pk": 84,
  "fields": {
    "user": [
      "delivery2@agro.com"
    ],
    "jti": "45aa3de74f704336b5c77a1b80615b17",
    "token": "eyJhbGciOiJIUzI1NiIsInR5cCI6IkpXVCJ9.eyJ0b2tlbl90eXBlIjoicmVmcmVzaCIsImV4cCI6MTc3Mjg3ODE4OSwiaWF0IjoxNzcyMjczMzg5LCJqdGkiOiI0NWFhM2RlNzRmNzA0MzM2YjVjNzdhMWI4MDYxNWIxNyIsInVzZXJfaWQiOiI5In0.d3MLH9d0ckp4aLib1DkirfHjRffTJ-mLFmkqP_hwI4U",
    "created_at": "2026-02-28T10:09:49.124Z",
    "expires_at": "2026-03-07T10:09:49Z"
  }
},
{
  "model": "token_blacklist.outstandingtoken",
  "pk": 85,
  "fields": {
    "user": [
      "admin@gmail.com"
    ],
    "jti": "6681f01de4c94ad5a11e215c116fda3b",
    "token": "eyJhbGciOiJIUzI1NiIsInR5cCI6IkpXVCJ9.eyJ0b2tlbl90eXBlIjoicmVmcmVzaCIsImV4cCI6MTc3Mjg3ODU3OCwiaWF0IjoxNzcyMjczNzc4LCJqdGkiOiI2NjgxZjAxZGU0Yzk0YWQ1YTExZTIxNWMxMTZmZGEzYiIsInVzZXJfaWQiOiIxIn0.FKE1y3B0BW4bzLMl3-liAepLqFSnfmbrbES5hwRlLpQ",
    "created_at": "2026-02-28T10:16:18.751Z",
    "expires_at": "2026-03-07T10:16:18Z"
  }
},
{
  "model": "token_blacklist.outstandingtoken",
  "pk": 86,
  "fields": {
    "user": [
      "admin@gmail.com"
    ],
    "jti": "f7778254f36349b8ba93c79047ad869e",
    "token": "eyJhbGciOiJIUzI1NiIsInR5cCI6IkpXVCJ9.eyJ0b2tlbl90eXBlIjoicmVmcmVzaCIsImV4cCI6MTc3Mjg4MzU2NywiaWF0IjoxNzcyMjc4NzY3LCJqdGkiOiJmNzc3ODI1NGYzNjM0OWI4YmE5M2M3OTA0N2FkODY5ZSIsInVzZXJfaWQiOiIxIn0._efs6U4O9gFRxP9kMIQ2D0W3VtPi-A4H7SORNdpmw5Q",
    "created_at": "2026-02-28T11:39:27Z",
    "expires_at": "2026-03-07T11:39:27Z"
  }
},
{
  "model": "token_blacklist.outstandingtoken",
  "pk": 87,
  "fields": {
    "user": [
      "delivery1@agro.com"
    ],
    "jti": "b87d58c9e27c45c8bed3231a66343f88",
    "token": "eyJhbGciOiJIUzI1NiIsInR5cCI6IkpXVCJ9.eyJ0b2tlbl90eXBlIjoicmVmcmVzaCIsImV4cCI6MTc3Mjg4NDkxNSwiaWF0IjoxNzcyMjgwMTE1LCJqdGkiOiJiODdkNThjOWUyN2M0NWM4YmVkMzIzMWE2NjM0M2Y4OCIsInVzZXJfaWQiOiI3In0.uUFHpZWSrn1-wkoKTCvPh8vP7BSBT12eIPxGbJ-9nHg",
    "created_at": "2026-02-28T12:01:55.464Z",
    "expires_at": "2026-03-07T12:01:55Z"
  }
},
{
  "model": "token_blacklist.outstandingtoken",
  "pk": 88,
  "fields": {
    "user": [
      "delivery1@agro.com"
    ],
    "jti": "db266400a30f4b29b14f429cfa45bac9",
    "token": "eyJhbGciOiJIUzI1NiIsInR5cCI6IkpXVCJ9.eyJ0b2tlbl90eXBlIjoicmVmcmVzaCIsImV4cCI6MTc3Mjg4NTAzOSwiaWF0IjoxNzcyMjgwMjM5LCJqdGkiOiJkYjI2NjQwMGEzMGY0YjI5YjE0ZjQyOWNmYTQ1YmFjOSIsInVzZXJfaWQiOiI3In0.6Lg3haSCOpDlxGOnJqhi-pz53YAxt4hxiEW4wQwes0g",
    "created_at": "2026-02-28T12:03:59.802Z",
    "expires_at": "2026-03-07T12:03:59Z"
  }
},
{
  "model": "token_blacklist.outstandingtoken",
  "pk": 89,
  "fields": {
    "user": [
      "delivery2@agro.com"
    ],
    "jti": "c08151992deb4622bf401c51b7daf15c",
    "token": "eyJhbGciOiJIUzI1NiIsInR5cCI6IkpXVCJ9.eyJ0b2tlbl90eXBlIjoicmVmcmVzaCIsImV4cCI6MTc3Mjg4NjE0MywiaWF0IjoxNzcyMjgxMzQzLCJqdGkiOiJjMDgxNTE5OTJkZWI0NjIyYmY0MDFjNTFiN2RhZjE1YyIsInVzZXJfaWQiOiI5In0._FAKtd4rNssf5_dv-ZORInD2bdoK-mOrZGGbCzxPK-A",
    "created_at": "2026-02-28T12:22:23.968Z",
    "expires_at": "2026-03-07T12:22:23Z"
  }
},
{
  "model": "token_blacklist.outstandingtoken",
  "pk": 90,
  "fields": {
    "user": [
      "farmer1@gmail.com"
    ],
    "jti": "9f160678f29b422d97ffadedfc876c83",
    "token": "eyJhbGciOiJIUzI1NiIsInR5cCI6IkpXVCJ9.eyJ0b2tlbl90eXBlIjoicmVmcmVzaCIsImV4cCI6MTc3Mjg4NjE3NiwiaWF0IjoxNzcyMjgxMzc2LCJqdGkiOiI5ZjE2MDY3OGYyOWI0MjJkOTdmZmFkZWRmYzg3NmM4MyIsInVzZXJfaWQiOiIyIn0.FqfT_m_4qFvI04RzUENxNU7Any-aegNqP6bifbtRy1g",
    "created_at": "2026-02-28T12:22:56.555Z",
    "expires_at": "2026-03-07T12:22:56Z"
  }
},
{
  "model": "token_blacklist.outstandingtoken",
  "pk": 91,
  "fields": {
    "user": [
      "Consumer@gmail.com"
    ],
    "jti": "26b271ea337e4f5d881d534f69462567",
    "token": "eyJhbGciOiJIUzI1NiIsInR5cCI6IkpXVCJ9.eyJ0b2tlbl90eXBlIjoicmVmcmVzaCIsImV4cCI6MTc3Mjg4NjMyNSwiaWF0IjoxNzcyMjgxNTI1LCJqdGkiOiIyNmIyNzFlYTMzN2U0ZjVkODgxZDUzNGY2OTQ2MjU2NyIsInVzZXJfaWQiOiIzIn0.pFobVQz5lvZaWbHz4UTznYMBOK12qkW8WI6bzdAVPPI",
    "created_at": "2026-02-28T12:25:25.177Z",
    "expires_at": "2026-03-07T12:25:25Z"
  }
},
{
  "model": "token_blacklist.outstandingtoken",
  "pk": 92,
  "fields": {
    "user": [
      "consumer1@agro.com"
    ],
    "jti": "23a2533e995440d3866222763e866852",
    "token": "eyJhbGciOiJIUzI1NiIsInR5cCI6IkpXVCJ9.eyJ0b2tlbl90eXBlIjoicmVmcmVzaCIsImV4cCI6MTc3Mjg4NzI0OSwiaWF0IjoxNzcyMjgyNDQ5LCJqdGkiOiIyM2EyNTMzZTk5NTQ0MGQzODY2MjIyNzYzZTg2Njg1MiIsInVzZXJfaWQiOiI4In0.tsrF8jPm9gQeJ6XdOQ0sSXx1aZNatrY42BfR1A72vc8",
    "created_at": "2026-02-28T12:40:49.241Z",
    "expires_at": "2026-03-07T12:40:49Z"
  }
},
{
  "model": "token_blacklist.outstandingtoken",
  "pk": 93,
  "fields": {
    "user": [
      "admin@gmail.com"
    ],
    "jti": "3890bcebd9614c38b2dd2dbac9df0dc0",
    "token": "eyJhbGciOiJIUzI1NiIsInR5cCI6IkpXVCJ9.eyJ0b2tlbl90eXBlIjoicmVmcmVzaCIsImV4cCI6MTc3Mjg4NzMyOSwiaWF0IjoxNzcyMjgyNTI5LCJqdGkiOiIzODkwYmNlYmQ5NjE0YzM4YjJkZDJkYmFjOWRmMGRjMCIsInVzZXJfaWQiOiIxIn0._N_NDdjfjPBm3yvHsurGhaCdmD9_4hkfTQC79xvzIT0",
    "created_at": "2026-02-28T12:42:09.181Z",
    "expires_at": "2026-03-07T12:42:09Z"
  }
},
{
  "model": "token_blacklist.outstandingtoken",
  "pk": 94,
  "fields": {
    "user": [
      "farmer1@gmail.com"
    ],
    "jti": "a8b12c6ec31346969637b30a83b8ce17",
    "token": "eyJhbGciOiJIUzI1NiIsInR5cCI6IkpXVCJ9.eyJ0b2tlbl90eXBlIjoicmVmcmVzaCIsImV4cCI6MTc3Mjg5ODk3NCwiaWF0IjoxNzcyMjk0MTc0LCJqdGkiOiJhOGIxMmM2ZWMzMTM0Njk2OTYzN2IzMGE4M2I4Y2UxNyIsInVzZXJfaWQiOiIyIn0.C71EJCmlXlkWYTw-OR4unKuNQdK4GxmPKoUosYRVLEo",
    "created_at": "2026-02-28T15:56:14.419Z",
    "expires_at": "2026-03-07T15:56:14Z"
  }
},
{
  "model": "token_blacklist.outstandingtoken",
  "pk": 95,
  "fields": {
    "user": [
      "admin@gmail.com"
    ],
    "jti": "9e036e0f114744c2b4132e56c39a8bd2",
    "token": "eyJhbGciOiJIUzI1NiIsInR5cCI6IkpXVCJ9.eyJ0b2tlbl90eXBlIjoicmVmcmVzaCIsImV4cCI6MTc3Mjg5OTAxMiwiaWF0IjoxNzcyMjk0MjEyLCJqdGkiOiI5ZTAzNmUwZjExNDc0NGMyYjQxMzJlNTZjMzlhOGJkMiIsInVzZXJfaWQiOiIxIn0.V-gfApLMgfapmqSurCn_TWubWGLs0k9SENaNPUbcKeo",
    "created_at": "2026-02-28T15:56:52.374Z",
    "expires_at": "2026-03-07T15:56:52Z"
  }
},
{
  "model": "token_blacklist.outstandingtoken",
  "pk": 96,
  "fields": {
    "user": [
      "farmer1@gmail.com"
    ],
    "jti": "9f751e5ada0145dd9971e7dc45fc1d67",
    "token": "eyJhbGciOiJIUzI1NiIsInR5cCI6IkpXVCJ9.eyJ0b2tlbl90eXBlIjoicmVmcmVzaCIsImV4cCI6MTc3Mjg5OTU0OCwiaWF0IjoxNzcyMjk0NzQ4LCJqdGkiOiI5Zjc1MWU1YWRhMDE0NWRkOTk3MWU3ZGM0NWZjMWQ2NyIsInVzZXJfaWQiOiIyIn0.eR5j0VUz2fIUzPONmcLoM0LVxCF-Dagbyxa0TVTHu8Q",
    "created_at": "2026-02-28T16:05:48.632Z",
    "expires_at": "2026-03-07T16:05:48Z"
  }
},
{
  "model": "token_blacklist.outstandingtoken",
  "pk": 97,
  "fields": {
    "user": [
      "farmer1@gmail.com"
    ],
    "jti": "9ba0802931fd4a2f9602d0bc8e2c7530",
    "token": "eyJhbGciOiJIUzI1NiIsInR5cCI6IkpXVCJ9.eyJ0b2tlbl90eXBlIjoicmVmcmVzaCIsImV4cCI6MTc3MjkwNTU4OCwiaWF0IjoxNzcyMzAwNzg4LCJqdGkiOiI5YmEwODAyOTMxZmQ0YTJmOTYwMmQwYmM4ZTJjNzUzMCIsInVzZXJfaWQiOiIyIn0.XvRbcD-iIJUImWPOEZ9vlIsWnkkbbNui_KjZEIFpCAg",
    "created_at": "2026-02-28T17:46:28.794Z",
    "expires_at": "2026-03-07T17:46:28Z"
  }
}
]
